Back Walk St
ICrawl Update: 
ICrawl Update: leg=1, phase=0.00, x=-80.0, y=110.0, z=-80.0
ICrawl Update: l110.0, z=-80.0
ICrawl Update: leg=0, phase=0.00, x=40.0, y=110.0, z=-80.0
ICrawl Update: leg=1, phase=0.00, x=-80.0, y=110.0, z=-80.0
.0
ICrawl Update: leg=3, phase=0.50, 
ICrawl Update: leg=0, phase=0.99, x=42.0, y=110.0, z=-80.0
ICrawl Update: leg=1, phase=0.99, x=-7
ICrawl Update: leg=2, phase=0.49, x=-58.0, y=-110.0, z=-80.0
ICrawl Update: leg=3, phase=0.49, x=62.0, y=-110.0, z=-80.0
ICrawl Update
ICrawl Update: leg=1,
ICrawl Update: l, phase=0.48, x=64.0, y=-110.0, z=-80.0
ICrawl Update: leg=0, 
ICrawl Update: leg=1, phase=0.97, x=-74.
ICrICrawl Update: leg=3, phase=0.47, x=66.0, y=-110.0, z=-80.0
ICraICrawl Update: leg=2, 
-110.0, z=-80.0
ICrawl Update
ICrawl Update: leg=1, phase=0.95, x=-7
ICrawl Update: leg=2, phase=
ICrawl Update: leg=3, 0.0
ICrawl Update
ICrawl Update: leg=1, phase=0.94, 
ICrawl Update: leg=2, phase=
ICrawl Update: leg=0, phase=0.93, x=54.0, y=110.0, z=-80.0
ICrawl Update: leg=1, phase=0.93, x=-66.0, y=110.0, z=-80.0
ICrawl ICrawl Update: leg=3, phase=0.43
0, phase=0.92, x=56.0, y=110.0, z=-80.0
ICrawl Update: leg=1, phase=0.92, x=-64.0, y=110.0, z=-80.0
ICrawl Update: leg=2, phase=0.42, x=-44.0, y=-110.0, z=-80.0
ICrawl Update: leg=3, phase=0.42, x=76.0, y=-110.0, z=-80.0
ICrawl Update: leg=0, phase=0.91, x=58.0, y=110.0, z=-80.0
ICrawl Update: leg=1, phase=0.91, x=-62.0, y=110.0, z=-80.0
ICraICrawl Update: leg=3, phase=0.41
ICrawl =110.0, z=-80.0
ICrawl Update: leg=1, phase=0.90, 
ICrawl Update: leg=2, phase=0.40, x=-4
ICrawl Update: leg=0, phase=0.89, x=60.0, y=110.0, z=-80.0
ICrawl Update: leg=1, phase=0.89, x=-60.0, y=110.0, z=-80.0
ICrawl Update: leg=2, phase=0.39, x=-40.0, y=-110.0, z=-80.0
ICrawl Update
ICrawl Update: leg=1, phase=0.88, x=-60.0, y=110.0, z=-80.0
ICrawl Update: leg=2, phase=0.38, x=-40.0, y=-110.0, z=-80.0
ICrawl Update: leg=3, phase=0.38, x=80.0, y=-110.0, z=-70.0
ICrawl Update: leg=0, 
ICrawl Update: leg=1, phase=0.87, x=-60.0, y=110.0, z=-80.0
ICrawl Update: leg=2, phase=0.37, x=
ICrawl Update: leg=3
ICrawl Update
6, x=-60.0, y=110.0, z=-80.0
ICrawl UpdICrawl Update: leg=3, phase=0.36, x=80.0, y=-110.0, z=-60.0
ICrawl Update: leg=0, 
ICrawl Update: leg=1, phase=0.85,y=110.0, z=-80.0
IICrawl Upd80.0
ICrawl Update: leg=2, phase=0.34
ICrawl Update: leg=3, phase=0.34
ICrawl Update: leg=0, phase=0.83, x=60.0, y=110.0, z=-80.0
ICrawl Update: leg=1, phas
ICrawl Update: leg=2, phase=0.33, x=-40.0, y=-110.0, z=-80.0
ICrawl Update: leg=3, 
ICrawl Update: leg=0, 
ICrawl Update: leg=1,
ICrawl Update: =2, phase=0.32, x=-40.0, y=-110.0, z=-80.0
ICrawl Update: leg=3, phase=0.32, x=68.0, y=-110.0, z=-55.0
ICrawl Update: leg=0, 
ICrawl Update: leg=1, phase=0.81, x=-60.0, y=110.0, z=-80.0
ICrawl Update: leg=2, phase=0.31, x=-40.0, y=-110.0, z=-80.0
ICrawl ICrawl Update: leg=2, phase=0.30, x=-40.0, y=-110.0, z=-80.0
ICrawl Update
ICrawl Update: leg=0, 
ICrawl Update: leg=1, phase
ICrawl Update: leg=2, phase=0.29, x=-40.0, y=-110.0, z=-80.0
ICrawl Update: leg=
ICrawl Update
ICrawl Update: leg=1, phase=0.78, x=-60.0, y=110.0, z=-80.0
ICraICrwl Update: leg=3, phase=0.28, x=52.0, y=-110.0, z=-55.0
ICrawl Update: leg=0, 
ICrawl Update: leg=2, phase=0.27
ICrawl eg=3, phase=0.27, x=48.0, y=-110.0, z=-55.0
ICrawl Update: leg=1, phase=0.76, x
ICrawl ICrawl Up0.26, x=44.0, y=-110.0, z=-55.0
ICrawl Update: leg=0, 
ICrawl Update: leg=1,
ICrawl Update: leg=2, phase=0.25, x=-4
ICrawl Update: leg=3, phase=0.25, y=-110.0, z=-55.0
ICrawl Update: leg=0, phase=0.74, x=60.0, y=110.0, z=-80.0
ICrawl Update: leg=1, phase=0.74, x=-6
ICrawl Update: leg=2, phase=0.24, x=-40.0, y=-110.0, z=-80.0
ICrawl Update: leg=3, phase=0.24, x=40.0, y=-110.0, z=-60.0
ICrawl Update: leg=0, phase=0.73, x=60.0, y=110.0, z=-80.0
ICrawl Update: leg=1, phase=0.73, x=-6
ICrawl Update: leg=2, phase=0.23, x=-40.0, y=-110.0, z=-80.0
ICrawl Update: leg=3,
Iawl Update: leg=0, phase=0.72, x=60.0, y=110.0, z=-80.0
ICrawl Update: leg=1, phase=0.72, x=-60.
ICrawl Update
ICrawl Update: leg=3, phase=0.22
ICrawl leg=0, phase=0.71, x=60.0, y=110.0, z=-80.0
ICrawl Update: leg=2, phase=0.21, x=-40.0, y=-110.0, z=-80.0
ICrawl ICrawl Update: leg=0, phase=0.70, x=60.0, y=110.0, z=-80.0
ICrawl Update: leg=1, phase=0.70, x=-60.0, y=110.0, z=-80.0
ICrawl UpdICrawl Update: leg=3, phase=0.20
0, y=110.0, z=-80.0
ICrawl Update: leg=1,
ICrawl Update: leg=2, phase=0.19, x=-40.0, y=-110.0, z=-75.0
ICrawl UpdICrawl Update: lz=-80.0
ICrawl Update: leg=1, phase=0.68, x=-60.0, y=110.0, z=-80.0
ICrawl Update: leg=2,
ICrawl Update: leg=3, phase=0.18, x=40
ICrawl Update: leg=1, phase=0.67, x=-60.0, y=110.0, z=-80.0
ICrawl Update: leg=2, phase=0.17, x=-40.0, y=-110.0, z=-65.0
ICrawl Update: leg=3, phase=0.17
ICrawl Update: leg=1, phase=0.66, x=-60.0, y=110.0, z=-80.0
ICrawl Update: leg=2, phase=0.16, x=-40.0, y=-110.0, z=-60.0
ICrawl Update: leg=3, phase=0.16
ICrawl Update: leg=0, phase=0.65, x=60.0, y=110.0, z=-80.0
=0.65, x=-60.0, y=110.0, z=-80.0
ICrawl Update: leg=2, phase=0.15, x=-4
ICrawl Update: leg=3, phase=0.15, 
ICrawl Update
ICraw.0, y=110.0, z=-80.0
ICrawl Update: leg=2, phase=0.14
ICrawl Update: leg=3, phase=0.14, x=40.0, y=-110.0, z=-80.0
ICrawl Update
ICrawl Update: leg=1, phase=0.63, x=-60.0, y=110.0, z=-80.0
ICrawl UpICrawl Update: leg=3, phase=0.13, x=40.0, y=-110.0, z=-80.0
ICrawl Update: leg=1, phase=0.62, x=-60.0, y=110.0, z=-80.0
ICrawl Update: leg=2, phase=0.12, x=-52.0, y=-110.0, z=-55.0
ICrawlICrawl 
ICrawl Update: leg=1, phase=0.61, x=-60.
ICrawl Update: leg=2, phase=0.11, x=-56.0, y=-110.0, z=-55.0
ICrawl UpdICrawl Update: leg=0, phase=0.60, x=60.0, y=110.0, z=-80.0
ICrawl Update: leg=1, phase=0.60, x=-60.0, y=110.0, z=-80.0
ICrawl Update: le=0.10, x=-60.0, y=-110.0, z=-55.0
ICrawl UpdICrawl Update: leg=0, phase=0.59, x=60.0, y=110.0, z=-80.0
ICrawl UpdICrawl Update: 4.0, y=-110.0, z=-55.0
ICrawl Update: leg=3, phase=0.09, x=40.0, y=-110.0, z=-80.0
ICrawl Update
ICrawl Update: leg=1, phase=0.58, x=-6
ICrawl Update: leg=2, phase=0.08, x=-68.0, y=-110.0, z=-55.0
ICrawl Update: leg=3, phase=0.08
ICrawl Update: leg=1, phase=0.57, x=-6
ICrawlICrawl Update: leg=3, phase=0.07
ICrawl Update: leg=1, phase=0.56, x=-6
ICrawl Update: leg=2, phase=0.06, x=-76.0, y=-110.0, z=-55.0
e: leg=3, phase=0.06, x=40.0, y=-110.0, z=-80.0
ICrawl Update
ICrawl Update: leg=1,
ICrawl Update: leg=2, phase=0.05, x=-80.0, y=-110.0, z=-55.0
ICrawl Update: leg=3, phase=0.05, x=40.0, y=-110.0, z=-80.0
ICrawl Update: leg=1, phase=0.54, 
ICrawl Update: leg=2, phase=0.04, x=-8
IC40.0, y=-110.0, z=-80.0
ICrawl Update
ICrawl Update: leg=1, phase=0.53, x=-6
ICrawl Update: leg=2, phase=0.03, x=-80.0, y=-110.0, z=-65.0
.0, z=-80.0
ICrawl Update: leg=0, 
ICrawl Update: leg=1, phase=0.52, x=-60.0, y=110.0, z=-80.0
ICrawl Update: leg=2, phase=0.02, x=-8
ICrawl Update: leg=3, phase=0.02, x=40.
ICrawl Update
ICrawl Update: leg=1, phase=0.51, x=-60.0, y=110.0, z=-80.0
ICrawl Update: leg=2, phase=0.01
ICrawl Update
ICrawl Update: leg=0, phase=0.50, x=60.0, y=110.0, z=-80.0
ICrawICrawICrawl Update: leg=
ICrawl Update: lhase=0.49, x=62.0, y=110.0, z=-80.0
ICrawl Update: leg=1, phase=0.49, x=-58.0, y=110.0, z=-80.0
ICrawl Update: leg=2, phase=0.99, x=-7
ICrawl Update: leg=3,
ICrawl =64.0, y=110.0, z=-80.0
ICrawl Update: leg=1, phase=0.48, x=-56.0, y=110.0, z=-80.0
ICrawl Update: leg=2, phase=0.98, x=-76.0, y=-110.0, z=-80.0
ICrawl UpdICrawl .0, z=-80.0
ICrawICrawl Update
ICrawl Update: leg=3, phase=
ICrawl Update:
ICrawl Update: leg=1, phase=0.46, x=-5
ICICrawl Update: leg=1, phase=0.45, x=-50.0, y=110.0, z=-80.0
ICrawl Update: leg=2, phase=0.95, x=-70.0, y=-110.0, z=-80.0
ICrawl Update
ICrawhase=0.44, x=-48.0, y=110.0, z=-80.0
ICrawl Update: leg=2, phase=0.94, x=-68.0, y=-110.0, z=-80.0
ICrawl Update
=-46.0, y=110.0, z=-80.0
ICrawl UpdICrawl Update
0.0, z=-80.0
ICrawl Update: leg=2, phase=0.92, x=-64.0, y=-110.0, z=-80.0
ICrawl Update: leg=3, phase=0.92, 
ICrawl Update: leg=0, phase=0.41, x=78.0, y=110.0, z=-80.0
ICraw
ICrawl Update: leg=2, phase=0.91, x=-62.0, y=-110.0, z=-80.0
ICrawl UpdICrawl Update: leg=0, phase=0.40, x=80.0, y=110.0, z=-80.0
ICrawl Update: leg=1, phase=0.40
ICrawl Update: leg=2, phase=0.90, x=-60.0, y=-110.0, z=-80.0
ICrawl UpdICrawl Update: leg=0, phase=0.39, x=80.0, y=110.0, z=-75.0
ICraphase=0.89, x=-60.0, y=-110.0, z=-80.0
ICrawl Update: leg=0, phase=0.38, x=80.0, y=110.0, z=-70.0
ICrawl Update: leg=2, phase=0.88, x=-60.0, y=-110.0, z=-80.0
ICrawl Update: leg=3, phase=0.88, x=60.0, y=-110.0, z=-80.0
ICrawl Update
ICrawl Update: leg=1,
ICrawl Update: leg=2, phase=0.87, x=-60.0, y=-110.0, z=-80.0
ICrawl Update: leg=0, phase=0.36, x=80.0, y=110.0, z=-60.0
ICrawl Update: leg=1, phase=0.36, x=-4
ICraw.0
ICrawl Update: leg=0, phase=0.35, x=80.0, y=110.0, z=-55.0
ICrawl Update: leg=1, phase=0.35, x=-40.0, y=110.0, z=-80.0
ICrawl Update: leg=2, phase=0.85, x=-60.0, y=-110.0, z=-80.0
ICrawl Update: leg=3, phase=0.85, x=60.0, y=-110.0, z=-80.0
ICrawl Update: leg=0, phase=0.34, x=76.0, y=110.0, z=-55.0
ICrawl Update: leg=1, phase=0.34, x=-4
ICrawl Update: leg=2, phase=0.84, x=-60.0, y=-110.0, z=-80.0
, phase=0.84, x=60.0, y=-110.0, z=-80.0
ICrawl Update
ICrawl Update: leg=1, phase=0.33, x=-4
ICrawl Update: leg=2, phase=0.83, x=-60.0, y=-110.0, z=-80.0
ICrawl Update: leg=3, phase=0.83, x=60.0, y=-110.0, z=-80.0
ICrawl 
ICrawl Update: leg=1
ICrawl Update: leg=2, phase=0.82, x=-60.0, y=-110.0, z=-80.0
-110.0, z=-80.0
ICrawl Update
ICrawl Update: leg=2, phase=0.81, x=-60.0, y=-110.0, z=-80.0
ICrawl Update: leg=3, 0.0
ICrawl Update: leg=0, 
ICrawl Update: leg=1, phase=0.30, x=-4
ICrawICraICrawl Update: leg=0, phase=0.29, x=56.0, y=110.0, z=-55.0
ICrawl Update: leg=1, phase=0.29, x=-4
ICrawl Update: leg=2, phase=0.79, x=-6
ICrawl Update: l0, phase=0.28, x=52.0, y=110.0, z=-55.0
ICrawl Update: leg=2, phase=0.78, x=-60.0, y=-110.0, z=-80.0
ICrawl Update: leg=3, phase=0.78, 
ICrawl Update: l7, x=48.0, y=110.0, z=-55.0
ICrawl Update: leg=2, phase=0.77, x=-6
ICrawl Update: leg=3, phase=0.77, 
ICrawl =110.0, z=-55.0
ICrawl Update: leg=1, phase=0.26, x=-4
ICrawl Update: leg=2, phase=0.76, x=-60.0, y=-110.0, z=-80.0
ICrawl Update: leg=3, phase=
5.0
ICrawl UpdICrawl Update: leg=2, phase=0.75
ICrawl Update: leg=3, phase=
ICrawl Update: leg=1, phase=0.24, x=-40.0, y=110.0, z=-80.0
ICrawl Update: leg=2, phase=0.74, x=-6
ICrawICrawl Update: leg=1, phase=0.23, x=-40.0, y=110.0, z=-80.0
ICrawl Update: leg=2, phase=0.73, x=-60.0, y=-110.0, z=-80.0
ICrawl UpdICrawl Update: leg=0, phase=0.22, x=40.0, y=110.0, z=-70.0
ICrawl Update: 2, x=-40.0, y=110.0, z=-80.0
ICrawl Update: leg=2, phase=0.72, x=-60.0, y=-110.0, z=-80.0
ICrawl Update: leg=3, phase=0.72, x=60.0, y=-110.0, z=-80.0
ICrawl 
ICrawl Update: y=110.0, z=-80.0
ICrawl Update: leg=2, phase=0.71, x=-60.0, y=-110.0, z=-80.0
ICrawl Update: leg=3, phase=0.71, 
80.0
ICrawl Update: leg=2, phase=0.70, x=-60.0, y=-110.0, z=-80.0
ICrawl Update: leg=3,
ICrawl Update
ICrawl Update: leg=1, phase=0.19, x=-40.0, y=110.0, z=-75.0
ICrawl Update: leg=2, phase=0.69, x=-60.0, y=-110.0, z=-80.0
ICrawl Update: leg=3, phas
ICrawl Update
ICrawl Update: leg=1, phase=0.18, x=-40.0, y=110.0, z=-70.0
ICrawl Update: leg=2, phase=0.68, x=-60.0, y=-110.0, z=-80.0
ICrawl Update: leg=3, phase=0.68, x=60.0, y=-110.0, z=-80.0
ICrawl Update: leg=0, phase=0.17, x=40.0, y=110.0, z=-80.0
ICrawl Update: leg=1, phase=0.17, x=-40.
ICrawl Update: leg=2, phase=0.67, x=-60.0, y=-110.0, z=-80.0
ICrawl Update: leg=1,
ICrawl Update: leg=2, phase=0.66, x=-60.0, y=-110.0, z=-80.0
ICrawl Update: leg=3, phase=
ICrawl Update
ICrawl Update: leg=2, phase=0.65, x=-60.0, y=-110.0, z=-80.0
ICrawl Update: leg=3, phase=0.65, x=60.0, y=-110.0, z=-80.0
ICrawl Update: leg=0, phase=0.14, x=40.0, y=110.0, z=-80.0
ICrawl Update: leg=1, phase=0.14, x=-4
ICrawl Update: leg=2, phase=0.64, x=-6
ICrawl Update: leg=3, phase=0.64, x=60.0, y=-110.0, z=-80.0
ICrawl Update: leg=1, phase=0.13, x=-48.0, y=110.0, z=-55.0
ICrawl Update: leg=2, phase=0.63, x=-6
ICraweg=3, phase=0.63, x=60.0, y=-110.0, z=-80.0
ICrawl Update
ICrawl Update: leg=2, phase=0.62, x=-60.0, y=-110.0, z=-80.0
ICrawl Update: leg=3, 0.62, x=60.0, y=-110.0, z=-80.0
ICrawl Update: leg=0, phase=0.11, x=40.0, y=110.0, z=-80.0
ICrawl Update: leg=1,
ICrawl Update: leg=2, phase=0.61, x=-60.0, y=-110.0, z=-80.0
, y=-110.0, z=-80.0
ICrawl 
ICrawl Update: leg=1, phase=0.10, x=-60.0, y=110.0, z=-55.0
ICrawl Update: leg=2, phase=0.60
ICrawl Update: leg=3, phase=z=-80.0
ICrawl Update
ICrawl Update: leg=1, phase=0.09, x=-6
ICrawl Update: leg=2, phase=0.59, x=-60.0, y=-110.0, z=-80.0
ICICrawl Update: leg=0, phase=0.08, x=40.0, y=110.0, z=-80.0
ICrawl Update: leg=1, phase=0.08, x=-68.0, y=110.0, z=-55.0
ICrawl Update: leg=2, phase=0.58, x=-60.0, y=-110.0, z=-80.0
ICrawl Update: leg=3,
leg=0, phase=0.07, x=40.0, y=110.0, z=-80.0
ICraICrawl Update: leg=2, phase=0.57, x=-6
ICrawl UpICrawl =0.06, x=40.0, y=110.0, z=-80.0
ICrawl Update: leg=1, phase=0.06, x=-76.0, y=110.0, z=-55.0
ICrawl Update: leg=2, phase=0.56, x=-6
ICrawl Update: leg=3, phase=0.56, x=60.0, y=-110.0, z=-80.0
0, y=110.0, z=-80.0
ICrawl Update: leg=1, phase=0.05, x=-8
ICrawl Update: leg=2, phase=0.55, x=-60.0, y=-110.0, z=-80.0
ICrawl Update: leg=3, phase=0.55, x=60.0, y=-110.0, z=-80.0
ICrawl Update: leg=0, phase=0.04, x=40.0, y=110.0, z=-80.0
ICrawl UpICrawl Update: leg=2, phase=0.54, x=-60.0, y=-110.0, z=-80.0
ICrawl Update: leg=3, phase=0.54, x=60.0, y=-110.0, z=-80.0
ICrawl Update
awl Update: leg=1, phase=0.03, x=-80.0, y=110.0, z=-65.0
ICrawl Update: leg=2, phase=0.53, x=-60.0, y=-110.0, z=-80.0
ICrawl Update: leg=3, phase=0.53, 
ICrawl Update: leg=0, phase=0.02, x=40.0, y=110.0, z=-80.0
ICrawleg=1, phase=0.02, x=-80.0, y=110.0, z=-70.0
ICrawl Update: leg=2, phase=0.52, x=-60.0, y=-110.0, z=-80.0
ICrawl Update: leg=3,
ICrawl Update: leg=0, phase=0.01, x=40.0, y=110.0, z=-80.0
ICrawl Update: =0.01, x=-80.0, y=110.0, z=-75.0
ICraICrawl Update: leg=3, phase=0.51, x=60.0, y=-110.0, z=-80.0
ICrawl Update
ICraw.0, y=110.0, z=-80.0
ICraICrawl UpdICrawl Back End
Back Walk Start
ICrawl Update: leg=0, phase=0.00, x=40.0, y=110.0, z=-80.0
ICrawl Update: leg=1, phase=0.00, x=-80.0, y=110.0, z=-80.0
ICrawICrawl Update: leg=3
ICrawl Update: leg=0, 
ICrawl Update: leg=1, phase=0.00, x=-80.0, y=110.0, z=-80.0
ICrawl Update: leg=2, phase=0.50, x=-60.0, y=-110.0, z=-80.0
ICrawl Update: leg=3, 
ICrawl Update: leg=1, phase=0.99, x=-78.0, y=110.0, z=-80.0
ICrawlICraICrawl Update
ICra=-80.0
ICrawl Update: leg=2, phase=0.48, x=-56.0, y=-110.0, z=-80.0
ICrawl Update: leg=3, 
ICrawl Update
ICrawl UpdICrawl Update: leg=2, phase=0.47, x=-54.0, y=-110.0, z=-80.0
ICrawl Update: leg=3, phase=0.47, x=66.0, y=-110.0, z=-80.0
ICrawl Update
ICrawl Update: leg=1, phase=0.96, x=-7
ICeg=2, phase=0.46, x=-52.0, y=-110.0, z=-80.0
ICICrawl Update
ICrawl Update: leg=1, phase=0.95, x=-70
0.45, x=-50.0, y=-110.0, z=-80.0
ICrawl Update
ICrawl Update: leg=1, phase=0.94, x=-68.0, y=110.0, z=-80.0
IC0, y=-110.0, z=-80.0
ICrawl Update: leg=3, 
ICrawl Update: leg=0, phase=0.93, x=54.0, y=110.0, z=-80.0
ICrawl Update: leg=1, phase=0.93, x=-66.0, y=110.0, z=-80.0
ICrawl Update: leg=2, phase=0.43, x=-46.0, y=-110.0, z=-80.0
ICraICrawl Update
ICrawl rawl Update: leg=3, phase=0.42, x=76.0, y=-110.0, z=-80.0
ICrawl Update: leg=1, phase=0.91, x=-6
ICrawl Update: leg=2, phase=0.41, x=-4
IC leg=3, phase=0.41, x=78.0, y=-110.0, z=-80.0
ICrawl Update
ICrawl Update: leg=1, phase=0.90, x=-6
ICrawl Update: leg=2, phase=0.40, x=-40.0, y=-110.0, z=-80.0
ICrawl Update: leg=3, phase=0.40, x=80.0, y=-110.0, z=-80.0
ICrawl Update: leg=1, phase=0.89, x=-60.0, y=110.0, z=-80.0
ICrawl Update: leg=2, phase=0.39, x=-40.0, y=-110.0, z=-80.0
.0, y=-110.0, z=-75.0
ICraw, z=-70.0
ICICrawl Update: leg=2, phase=0.37, x=-40.0, y=-110.0, z=-80.0
ICrawl Update: leg=3,
ICrawl Update: leg=0, phase=0.86, x=60.0, y=110.0, z=-80.0
ICrawl Update: leg=1, phase=0.86, x=-6
ICrawl Update: leg=2, phase=0.36, x=-40.0, y=-110.0, z=-80.0
ICrawl Update: leg=3, phase=0.36
ICrawl : leg=0, phase=0.85, x=60.0, y=110.0, z=-80.0
ICrawl UpdICrawl Update: leg=2,
ICrawl Update: leg=3, phase=0.35, x=80.0, y=-110.0, z=-55.0
ICrawl se=0.84, x=60.0, y=110.0, z=-80.0
ICrawl Update: leg=1, phase=0.84, x=-60.
ICrawl Update: leg=2, phase=0.34, x=-40.0, y=-110.0, z=-80.0
ICrawl UICrawl 0.0, y=110.0, z=-80.0
ICrawl Update: leg=1, phase=0.83, x=-6
ICrawl Update: leg=2, phase=0.33, x=-40.0, y=-110.0, z=-80.0
, z=-80.0
ICrawl Update: leg=1, phase=0.82, x=-6
ICrawl Update: leg=2, phase=0.32, x=-40.0, y=-110.0, z=-80.0
IICrawl Update: leg=0, phase=0.81, x=60.0, y=110.0, z=-80.0
Crawl Update: leg=1, phase=0.81, x=-60.0, y=110.0, z=-80.0
ICrawl Update: leg=2,
ICraICrawl 
ICraw: leg=1, phase=0.80, x=-60.0, y=110.0, z=-80.0
ICrawl Update: leg=2, phase=0.30, x=-40.0, y=-110.0, z=-80.0
ICrawl Upse=0.79, x=-60.0, y=110.0, z=-80.0
ICrawl Update: leg=2, phase=0.29, x=-40.0, y=-110.0, z=-80.0
ICrawl Update
ICrawl Update
ICrawl Update: leg=1, phase=0.78, x=-60.0, y=110.0, z=-80.0
ICrawl Update: leg=2, phase=0.28, x=-40.0, y=-110.0, z=-80.0
ICrawl Update
ICrawl Update: leg=0, phase=0.77, x=60.0, y=110.0, z=-80.0
ICrawl Update: leg=1, phase=0, z=-80.0
ICrawl Update: leg=2, phase=0.27, x=-40.0, y=-110.0, z=-80.0
ICrawl Update: leg=3, phase=0.27, x=48.0, y=-110.0, z=-55.0
ICrawl Update
ICrawl Update: leg=1, phase=0.76, x=-60.0, y=110.0, z=-80.0
ICrawl Update: leg=2, phase=0.26, x=-40.0, y=-110.0, z=-80.0
ICrawl Update: leg=3, phase=0.26, x=44.0, y=-110.0, z=-55.0
ICrawl Update
ICrawl Update: leg=1,
ICrawl Update: leg=2, phase=0.25, x=-40.0, y=-110.0, z=-80.0
ICrawl Update: leg=3, phase=0.25, x=
ICrawl Update
ICrawl Updase=0.24, x=-40.0, y=-110.0, z=-80.0
ICrawl Update: leg=3, phase=0.24
ICrawl Update
ICrawl Update: leg=1, phase=0.73, x=-6
-40.0, y=-110.0, z=-80.0
ICrawl Update: leg=3, phase=0.23, x=40.0, y=-110.0, z=-65.0
ICrawl Update: leg=1, phase=
ICrawl Update: leg=2, phase=0.22, x=-40.0, y=-110.0, z=-80.0
ICrawlICrawl Update
ICrawl Update: leg=2, phase=0.21, x=-40.0, y=-110.0, z=-80.0
ICrawl Update: leg=3, phase=
ICrawl Update: leg=0, phase=0.70, x=60.0, y=110.0, z=-80.0
ICrICrICrawl Update: leg=3, phase=0.20, x=40.0, y=-110.0, z=-80.0
ICrawl Update: leg=0, phase=0.69, x=60.0, y=110.0, z=-80.0
ICrawl Update: leg=1, phase=0.69
ICrawl Update: leg=2, phase=0.19, x=-40.0, y=-110.0, z=-75.0
phase=0.19, x=40.0, y=-110.0, z=-80.0
ICrawl Update
ICrawl Update: leg=1, phase=0.68, x=-6
ICrawl Update: leg=2, phase=0.18, x=-40.0, y=-110.0, z=-70.0
ICrawl Update: x=40.0, y=-110.0, z=-80.0
ICrawl Update: leg=0, phase=0.67, x=60.0, y=110.0, z=-80.0
ICrawl Update: leg=1, phase=0.67, x=-60.0, y=110.0, z=-80.0
ICrawl Update: leg=2, phase=0.17, x=-40.0, y=-110.0, z=-65.0
ICrawl Update: leg=3, phas10.0, z=-80.0
IICraw0
ICrawl Update
ICrawl Update: leg=1,
ICrawl Update: leg=2, phase=0.15, x=-40.0, y=-110.0, z=-55.0
ICrawl Update: leg=3,
ICrawl date: leg=0, phase=0.64, x=60.0, y=110.0, z=-80.0
ICrawl UpdICrawl Update: leg=2, phase=0.14, x=-44.0, y=-110.0, z=-55.0
ICrawl UpdICrawl  phase=0.63, x=60.0, y=110.0, z=-80.0
ICrawl UpdIICrawl Update: leg=3,
ICrawl Update: l x=60.0, y=110.0, z=-80.0
ICrawl Update: leg=1, phase=0.62, x=-60.0, y=110.0, z=-80.0
ICrawl Update: leg=3, phase=0.12
ICrawl Update: l10.0, z=-80.0
ICrawl Update: leg=1, phase=0.61, x=-60.0, y=110.0, z=-80.0
ICrawl Update: leg=2, 
ICrawl Update: leg=3, phase=0.11
0
ICrawl Update: leg=1, phase=0.60, x=-6
ICrawl Update: leg=2, phase=
ICrawl ICrawl Update
ICrawl Update: leg=1, phase=0.59, x=-60.0, y=110.0, z=-80.0
ICrawl Update: leg=2, phase=0.09, x=-64.0, y=-110.0, z=-55.0
ICrawl Update
ICraw phase=0.58, x=-60.0, y=110.0, z=-80.0
ICrawl Update: leg=2, phase=0.08, x=-68.0, y=-110.0, z=-55.0
ICrawl Update: leg=3, phase=0.08, x=40
ICrawl Update: leg=0, 
ICrawl Update: leg=1, phase=0.57 x=-60.0, y=110.0, z=-80.0
ICrawl Update: leg=2, phase=
ICrawl Update: leg=3, phase=0.07
ICrawl Update: leg=0, 
ICrawl Update: leg=1, phase=0.56, x=-60.0, y=110.0, z=-80.0
ICrawl Update: leg=2, phase=0.06
ICrawl Update: leg=3, phase=0.06, x=40.0, y=-110.0, z=-80.0
ICrawl Update: leg=0, 
.0
ICrawl Update: leg=2,
ICrawl UpdICrawl Update: leg=1, phase=0.54, x=-6
ICrawl Update: leg=2, phase=0.04, x=-80.0, y=-110.0, z=-60.0
ICrICrawl Update: leg=0, phase=0.53, x=60.0, y=110.0, z=-80.0
ICrawICrawl Update: leg=2, phase=0.03, x=-80.0, y=-110.0, z=-65.0
ICrawl Update: leg=0, 
ICrawl Update: leg=1, phase=0.52, x=-6
ICrawl Update: leg=2, phase=0.02, x=-80.0, y=-110.0, z=-70.0
ICrawl UpdICrawl Update: leg=0, 
ICrawl Update: leg=1, phase=0.51, x=-60.0, y=110.0, z=-80.0
ICrawl Update: leg=2, phase=0.01, x=-80.0, y=-110.0, z=-75.0
ICrawl Update: leg=3,
ICrawl Update
ICrawl Update: leg=1, phase=0.50, x=-60.0, y=110.0, z=-80.0
ICrawl Update: leg=2, phase=0.00, x=-80.0, y=-110.0, z=-80.0
ICrawl Update: leg=3, phase=0.00, x=40.0, y=-110.0, z=-80.0
ICrawl Update: leg=1, phase=0.49
ICrawl Update: leg=2, phase=0.99, x=-78.0, y=-110.0, z=-80.0
ICr Update: leg=3, phase=0.99, x=42.0, y=-110.0, z=-80.0
ICrawl Update
ICrawl Update: leg=1, phase=0.48, x=-56.0, y=110.0, z=-80.0
ICrawl Update: leg=2, phase=0.98, x=-76.0, y=-110.0, z=-80.0
ICrawl Update: leg=3, phase=0.98, x=44.0, y=-110.0, z=-80.0
ICrawl Update
ICrawl Update: leg=1, phase=0.47, x=-54.0, y=110.0, z=-80.0
ICrawl Update: leg=2, phase=0.97, x=-74.0, y=-1ICrawl Update: leg=3, phase=0.97, x=46.0, y=-110.0, z=-80.0
ICrawl Update: leg=0, phase=0.46, x=68.0, y=110.0, z=-80.0
ICrawl Update: leg=2, phase=0.96, x=-72.0, y=-110.0, z=-80.0
ICrawl Update: y=-110.0, z=-80.0
ICrawl Update: leg=0, phase=0.45, x=70.0, y=110.0, z=-80.0
ICrawl UpdICrawl Update: leg=2, phase=0.95, x=-70.0, y=-110.0, z=-80.0ICrawl Update: leg=3, phase=0.95, x=50.0, y=-110.0, z=-80.0
ICrawl Update: leg=1, phase=0.44, x=-4
ICrawl Update: leg=2, phase=0.94, x=-68.0, y=-110.0, z=-80.0
ICrawl UpdICrawl Update: leg=0, phase=0.43, x=74.0, y=110.0, z=-80.0
ICrawl UpdICrawl Update: leg=2, phase=0.93, x=-66.0, y=-110.0, z=-80.0
ICrawl Update: leg=3, phase=0.93, 
ICrawl g=0, phase=0.42, x=76.0, y=110.0, z=-80.0
ICrawl UICrawl Update: leg=3, phase=0.92, x=56.0, y=-110.0, z=-80.0
ICrawl .41, x=78.0, y=110.0, z=-80.0
ICrawl Update: leg=1, phase=0.41, x=-4
ICrawl Update: leg=2, phase=0.91, x=-62.0, y=-110.0, z=-80.0
IICrawl Update: l y=110.0, z=-80.0
ICrawl Update: leg=2,
ICrawl Update: leg=3,
ICrawl -75.0
ICrawl Update: leg=1,
ICrawl Update: leg=2, phase=0.89, x=-60.0, y=-110.0, z=-80.0
ICrawlICrawl Update
ICrawl Update: leg=1, phase=0.38, x=-40.0, y=110.0, z=-80.0
ICrawl Update: leg=2, phase=0.88, x=-60.0, y=-110.0, z=-80.0
ICrawl Update: leg=3, phas
ICrawl Update: leg=0, phase=0.37, 
ICrawl Update: leg=1, phase=0.37, x=-40.0, y=110.0, z=-80.0
ICrawl Update: leg=2, phase=0.87, x=-60.0, y=-110.0, z=-80.0
ICrawl Update: leg=3, phase=0.87, x=60.0, y=-110.0, z=-80.0
ICrawl Update: leg=0, phase=0.36, x=80.0, y=110.0, z=-60.0
ICrawl Update: leg=1, phase=0.36, x=-40.0, y=110.0, z=-80.0
ICrawl Update: leg=2, phase=0.86, x=-60.0, y=-110.0, z=-80.0
ICrICrawl Update
ICrawl Update: leg=1, phase=0.35, x=-40.0, y=110.0, z=-80.0
ICrawl Update: leg=2, phase=0.85, x=-60.0, y=-110.0, z=-80.0
ICrawl Update: leg=3, phase=0.85, x=60.0, y=-110.
ICrawl Update
=-80.0
ICrawl Update: leg=2, phase=0.84, x=-60.0, y=-110.0, z=-80.0
ICrawl Update: leg=3, phas
ICrawl Update: leg=0, phase=0.33, x=72.0, y=110.0, z=-55.0
ICrawl Update: leg=1, phase=0.33, x=-4
ICrawl Update: leg=2, phase=0.83, x=-60.0, y=-110.0, z=-80.0
ICraICrawl Update: leg=1, phase=0.32, x=-4
ICeg=2, phase=0.82, x=-60.0, y=-110.0, z=-80.0
ICrawl Update: leg=3,
ICrawl Update
ICrawl Update: leg=1, phase=0.31, x=-40.0, y=110.0, z=-80.0
ICrawl Update: leg=2, phase=0.81, x=-60.0, y=-110.0, z=-80.0
ICrawl Update: leg=3, phase=0.81, x
ICrawl Update
IICrawl Update: leg=2, phase=0.80, x=-60.0, y=-110.0, z=-80.0
ICrawl Update: leg=3, phase=0.80, 
ICrawl Update: leg=0, 
ICrawl Update: leg=1, phase=0.29, x=-4
ICrawl Update: leg=2, phase=0.79, x=-60.0, y=-110.0, z=-80.0
ICrawl Update: leg=3, phase=0.79, x=60.0, y=-110.0, z=-80.0
ICrawl Update
ICrawl Update: leg=1,
ICrawl Update: leg=2, phase=0.78, x=-60.0, y=-110.0, z=-80.0
ICrawl Update: leg=3, phase=0.78, x=60.0, y=-110.0, z=-80.0
ICrawl Update
ICrawl Update: leg=1, phase=0.27, x=-4
ICrawl Update: leg=2, phase=0.77, x=-60.0, y=-110.0, z=-80.0
ICrawl Update: leg=3, phase=0.77, x=60.0, y=-110.0, z=-80.0
ICrawl Update: leg=0, 
e=0.76, x=60.0, y=-110.0, z=-80.0
ICrawl Update
ICrawl Update: leg=1, phase=0.25
ICrawl Update: leg=2, phase=0.75, x=-60.0, y=-110.0, z=-80.0
.0, y=-110.0, z=-80.0
ICrawl Update: leg=1,
ICrawl Update: leg=2, phase=0.74, x=-60.0, y=-110.0, z=-80.0
ICrawl Update: leg=3, phase=, z=-80.0
ICrawl Update
ICrawl Update: leg=1, phase=0.23, x=-40.0, y=110.0, z=-80.0
ICrawl Update: leg=2, phase=0.73, x=-60.0, y=-110.0, z=-80.0
ICrawl Update: leg=3, phase=0.73, x=60.0, y
Crawl Update: leg=0, phase=0.22, x=40.0, y=110.0, z=-70.0
ICrawl Update: leg=1, phase=0.22, x=-4
ICrawl Update: leg=2, phase=0.72, x=-60.0, y=-110.0, z=-80.0
: leg=0, phase=0.21, x=40.0, y=110.0, z=-75.0
ICrawl Update: leg=2, phase=0.71, x=-60.0, y=-110.0, z=-80.0
ICrawl Update: leg=3, phase=0.71, x=60.0, y=-110.0, z=-80.0
ICrawl se=0.20, x=40.0, y=110.0, z=-80.0
ICrawl Update: leg=1, phase=0.20, x=-4
ICrawl Update: leg=2, phase=0.70, x=-60.0, y=-110.0, z=-80.0
ICrawl Update: leg=3, phase
ICrawl 0.0, y=110.0, z=-80.0
ICrawl UICrawl Update: leg=2, phase=0.69, x=-60.0, y=-110.0, z=-80.0
ICrawl ICrawl Update: l, z=-80.0
ICrawl Update: leg=1, phase=0.18, x=-40.
ICrawl Update: leg=2, phase=0.68, x=-60.0, y=-110.0, z=-80.0
ICrawl Update
ICrawl Update: leg=1, phase=0.17, x=-40.0, y=110.0, z=-65.0
ICrawl Update: leg=2, phase=0.67, x=-60.0, y=-110.0, z=-80.0
ICrawl Update: leg=3, phase=0.67, x=60.0, y=-110.0, z=-80.0
ICrawl Update
ICrawl Update: leg=1, phase=0.16, x=-40.0, y=110.0, z=-60.0
ICrawl Update: leg=2, phase=0.66, x=-60.0, y=-110.0, z=-80.0
IICrawl Update
ICrawl Update: se=0.15, x=-40.0, y=110.0, z=-55.0
ICrawl Update: leg=2, phase=0.65, x=-60.0, y=-110.0, z=-80.0
ICrawl Update: leg=3, phase=0.65, 
ICrawl Update
ICrawl Update: leg=1, phas44.0, y=110.0, z=-55.0
ICrawl Update: leg=2, phase=0.64, x=-60.0, y=-110.0, z=-80.0
ICrawl UpdICra0, z=-55.0
ICrawl Update: leg=2, phase=0.63, x=-60.0, y=-110.0, z=-80.0
ICrawl Update: leg=3, phase=0.63, x=60.0, y=-110.0, z=-80.0
ICrawl Update: leg=0, phase=0.12, x=40.0, y=110.0, z=-80.0
ICrawl Update: leg=1, phase=0.12, x=-52.0, y=110.0, z=-55.0
ICrawl Update: leg=2, phase=0.62, x=-60.0, y=-110.0, z=-80.0
ICrawl UICrawl Update
ICrawl Update: leg=1, phase=0.11, x=-56.0, y=110.0, z=-55.0
ICrawl Update: leg=2, phase=0.61, x=-60.0, y=-110.0, z=-80.0
ICICrawl Update: leg=0, phase=0.10, x=40.0, y=110.0, z=-80.0
ICrawl Update: leg=1, phase=0.10, x=-6
ICrawl Update: leg=2, phase=0.60, x=-60.0, y=-110.0, z=-80.0
ICrawl Update: leg=3, phase=0.60, x
ICrawl Update
ICraICrawl Update: leg=2, phase=0.59, x=-60.0, y=-110.0, z=-80.0
ICrawl Update: leg=3,
ICrawl Update: leg=1,
ICrawl Update: leg=2, phase=0.58, x=-60.0, y=-110.0, z=-80.0
ICrawl Update: leg=3, phase=0.58, 
ICrawl Update: leg=1,
ICrawl Update: leg=2, phase=0.57, x=-60.0, y=-110.0, z=-80.0
IICrawl Update
ICrawl UpdICrawl Update: leg=2, phase=0.56, x=-60.0, y=-110.0, z=-80.0
ICrawl Update: leg=3, phase=0.56, x=60.0, y=-110.0, z=-80.0
ICrawl Update
ICrawl Update: leg=2, phase=0.55, x=-60.0, y=-110.0, z=-80.0
ICrawl Update: leg=3, phase=0.55, x=60.0, y=-110.0, z=-80.0
ICrawl Update
ICrawl Update: leg=1, phase=0.04, x=-80.0, y=110.0, z=-60.0
ICrawl Update: leg=2, phase=0.54, x=-60.0, y=-110.0, z=-80.0
x=60.0, y=-110.0, z=-80.0
ICrawl Update
ICrawl Update: leg=1, phase=0.03, x=-8
ICrawl Update: leg=2, phase=0.53, x=-60.0, y=-110.0, z=-80.0
10.0, z=-80.0
ICrawl Update
ICraICrawl Update: leg=2, phase=0.52
ICrawl Update: leg=3, 0
ICrawl Update
ICrawlICrawl Update: leg=2, phase=0.51
IICrawl Update: leg=0, phase=0.00, x=40.0, y=110.0, z=-80.0
ICrawl Update: leg=1, phase=0.00, x=-80.0, y=110.0, z=-80.0
ICrawl Update: leg=2, phase=0.50, x=-60.0, y=-110.0, z=-80.0
IBack Walk Start
ICrawl Update
ICrawl UpICrawl Update: leg=2, phase=0.50, x=-60.0, y=-110.0, z=-80.0
ICrawl Update: leg=3, phase=0
ICrawl Update: leg=0, 
ICrawl ICrawl Update: leg=2, phase=0.50, x=-60.0, y=-110.0, z=-80.0
ICrawl UpdICrawl te: leg=0, phase=0.99, x=42.0, y=110.0, z=-80.0
ICrawl Update: leg=1, phase=0.99, x=-78.0, y=110.0, z=-80.0
ICrawl Update: leg=2, phase=0.49, x=-58.0, y=-110.0, z=-80.0
ICrawl Update: leg=3, ph
hase=0.98, x=44.0, y=110.0, z=-80.0
ICrawl Update: leg=1,
IICrawl Update: leg=3, phase=0.48, x=64.0, y=-110.0, z=-80.0
ICrawl Update: leg=0, phase=0.97, x=46.0, y=110.0, z=-80.0
ICrawl Update: leg=1,
ICrawICrawl UICrawl .0, z=-80.0
ICrawl Update: leg=1, phase=0.96, x=-72.0, y=110.0, z=-80.0
ICrawl Update: leg=2, phase=
ICrawl Update: leg=3, phase=0.46, x=68.0, y=-110.0, z=-80.0
ICrawl Update:
ICrawl Update: leg=1, phase=0.95, x=-7
ICrawl Update: leg=2, phase=0.45, x=-50.0, y=-110.0, z=-80.0
ICrawl 
ICrawl Update
ICrawl Update: leg=1, phase=0.94, x=-68.0, y=110.0, z=-80.0
ICrawl Update: leg=2, phase=0.44, x=-48.0, y=-110.0, z=-80.0
ICrawl Update
ICrawl Update: hase=0.93, x=-66.0, y=110.0, z=-80.0
ICrawl Update: leg=2, phase=
ICrawl Update: leg=3, phase=0.43, 
ICrawl Update: =-64.0, y=110.0, z=-80.0
ICrawl Update: leg=2, phase=0.42, x=-44.0, y=-110.0, z=-80.0
ICraw0.0, z=-80.0
ICrawl Update: leg=2, phase=0.41, x=-42.0, y=-110.0, z=-80.0
ICrawl Update: leg=3, phase=0.41
ICrawl Update: leg=1,
ICrawl Update: leg=2, phase=0.40
ICrawl UpdICrawl Update
ICrawl Update: leg=2, phase=0.39, x=-40.0, y=-110.0, z=-80.0
ICrawl Update: leg=3,
ICrawl Update: leg=0, phase=0.88, x=60.0, y=110.0, z=-80.0
ICrawl ICrawl Update: leg=2, phase=0.38, x=-40.0, y=-110.0, z=-80.0
ICrawl Update: leg=3, phase=0.38, x=80.0, y=-110.0, z=-70.0
ICrawICrawl Update: leg=2, phase=0.37, x=-40.0, y=-110.0, z=-80.0
ICrawl Update: leg=3, phase=0.37, x=80.0, y=-110.0, z=-65.0
ICrawl Update
ICrawl Update: leg=2, phase=0.36, x=-40.0, y=-110.0, z=-80.0
ICrICrawl Update
ICrICrawl Update: leg=2, phase=0.35, x=-40.0, y=-110.0, z=-80.0
ICrawl Update: leg=3, phase=0.35, x=80.0, y=-110.0, z=-55.0
ICrawl Update: leg=0, phase=0.84, x=60.0, y=110.0, z=-80.0
ICrawl Update: leg=1, phase=0.84, x=-60.0, y=110.0, z=-80.0
ICrawl Update: leg=2, phase=0.34
ICrawl pdate: leg=3, phase=0.34, x=76.0, y=-110.0, z=-55.0
ICrawl Update: leg=1,
ICrawl Update: leg=2, phase=0.33
ICr, phase=0.33, x=72.0, y=-110.0, z=-55.0
ICrawl Update
ICrawl Update: leg=1, phase=0.82, x=-60.0, y=110.0, z=-80.0
ICrawl Update: leg=2, phase=0.32, x=-40.0, y=-110.0, z=-80.0
ICr, x=68.0, y=-110.0, z=-55.0
ICrawl Update: leg=0, 
ICrawl UICrawl Update: leg=2, phase=0.31, x=-40.0, y=-110.0, z=-80.0
ICrawl Update: leg=3, phase=0.31, x=64.0, y=-110.0, z=-55.0
ICrawl Update: leg=0, phase=0.80, x=60.0, y=110.0, z=-80.0
ICrawl Update: leg=1, phase=0.80, x=-60.0, y=110.0, z=-80.0
ICr5.0
ICrawl Update
ICrawl Update: leg=1, phase=0.79, x=-60.0, y=110.0, z=-80.0
ICrawl Update: leg=2, phase=0.29
ICrawl Update: leg=3, phase=0.29, x=56.0, y=-110.0, z=-55.0
ICrawl Update: leg=0, phase=0.78, x=60.0, y=110.0, z=-80.0
ICICrawl Update: leg=2, phase=0.28, x=-40.0, y=-110.0, z=-80.0
ICrawl Update:
ICrawl 0, phase=0.77, x=60.0, y=110.0, z=-80.0
ICrawlICrawl Update: leg=2, phase=0.27, x=-40.0, y=-110.0,
ICrawl Update
ICrawl 6, x=60.0, y=110.0, z=-80.0
ICrawl Update: leg=1,
ICrawl Update: leg=2, phase=0.26, x=-40.0, y=-110.0, z=-80.0
ICrawl Update: leg=3
=110.0, z=-80.0
ICrawl Update: leg=1, phase=0.75, 
ICrawl Update: leg=2, phase=0.25, x=-40.0, y=-110.0, z=-80.0
ICrawl Update: leg=3, phase=0.25, 
ICrawl 0.0
ICrawl Update: leg=1, phase=0.74, x=-6
ICrawl Update: leg=2, phase=0.24, x=-40.0, y=-110.0, z=-80.0
ICrawl Update: leg=3,
ICrawl Update
Update: leg=1, phase=0.73, x=-60.0, y=110.0, z=-80.0
ICrawl Update: leg=2, phase=0.23
ICrawl UpICrawl Update
ICrawl Update: leg=1, phase=0.72, x=-60.0, y=110.0, z=-80.0
ICrawl Update: leg=2, phase=0.22, x=-40.0, y=-110.0, z=-80.0
ICrawl Update: leg=1, phase=0.71, x=-60.0, y=110.0, z=-80.0
ICrawl Update: leg=2, phase=0.21, x=-40.0, y=-110.0, z=-80.0
ICrawl UpdICrawl Update
y=110.0, z=-80.0
ICrawl Update: leg=2, phase=0.20, x=-40.0, y=-110.0, z=-80.0
ICrawl Update
ICrawl Update: leg=1, phase=0.69,80.0
ICrawl Update: leg=2,
ICrawl Update: leg=3, phase=0.19
ICrawl Update: leg=1, phase=0.68, x=-6
ICrawl Update: leg=2, phase=0.18, x=-40.0, y=-110.0, z=-70.0
ICrawl Update
ICrawl Update: leg=1, phase=0.67, x=-60.
ICrawl Update: leg=2, phase=0.17, x=-40.0, y=-110.0, z=-65.0
ICrawl Update: leg=3, phase=0.17, 
ICrawl Update: leg=1, phase=0.66, x=-6
ICrawl Update: leg=2, phase=0.16, x=-40.0, y=-110.0, z=-60.0
ICrICrawl Update: leg=0, phase=0.65, x=60.0, y=110.0, z=-80.0
ICrawl Update: leg=1, phase=0.65, x=-60.0, y=110.0, z=-80.0
ICrawl Update: leg=2, phase=0.15, x=-40.0, y=-110.0, z=-55.0
ICrawl UpdICrawl UpdICrawl Update: leg=2, phase=0.14, x=-44.0, y=-110.0, z=-55.0
ICrawl Update: leg=3, phase=
ICrawl Update: leg=0, phase=0.63, x=60.0, y=110.0, z=-80.0
ICrawl UpdICrawl Update: leg=2, 
ICrawl Update: leg=3, phase=0.13, x=40.0, y=-110.0, z=-80.0
ICrawl Update
ICrawl Update: leg=1, phase=0.62, x=-60.0, y=110.0, z=-80.0
ICrawl Update: leg=2, phase=0.12, x=-52.0, y=-110.0, z=-55.0
ICrawl Update:eg=3, phase=0.12, x=40.0, y=-110.0, z=-80.0
ICrawl Update
ICrawl UpdICrawl Update: leg=2, phase=0.11, x=-56.0, y=-110.0, z=-55.0
I0.11, x=40.0, y=-110.0, z=-80.0
ICrawl Update: leg=1,
ICrawl Update: leg=2, phase=0.10, x=-60.0, y=-110.0, z=-55.0
ICraw, y=-110.0, z=-80.0
ICrawl Update
ICrawlICrawl Update: leg=2, phase=0.09, x=-64.0, y=-110.0, z=-55.0
ICrawz=-80.0
ICrawl Update: leg=0, 
ICrawl Update: leg=1, phase=0.58, x=-60.0, y=110.0, z=-80.0
ICrawl UpdICrawl Update: leg=3, phase=0.08
awl Update: leg=0, phase=0.57, x=60.0, y=110.0, z=-80.0
ICrICrawl Update: leg=2, phase=0.07, x=-72.0, y=-110.0, z=-55.0
ICrawl UpdICrawl leg=0, phase=0.56, x=60.0, y=110.0, z=-80.0
ICrawl ICrawl UpICrawl Update: leg=3, phase=0.06
ICrawl =0.55, x=60.0, y=110.0, z=-80.0
ICrawl Update: leg=2, phase=0.05, x=-80.0, y=-110.0, z=-55.0
ICrawl Update: le
0, y=110.0, z=-80.0
ICrawl Update: leg=1, phase=
ICrawl Update: leg=2, phase=0.04, x=-80.0, y=-110.0, z=-60.0
ICrz=-80.0
ICrawl Update: leg=1, phase=0.53, x=-60.0, y=110.0, z=-80.0
ICrawl Update: leg=2, phase=0.03, x=-80.0, y=-110.0, z=-65.0
ICrawl Update: leg=0, phase=0.52, x=60.0, y=110.0, z=-80.0
awl Update: leg=1, phase=0.52, x=-60.0, y=110.0, z=-80.0
ICrawl Update: leg=2, phase=0.02, x=-80.0, y=-110.0, z=-70.0
ICrawl Update: leg=3, phase=0.02, x=
ICrawl Update: leg=0, phase=0.51, x=60.0, y=110.0, z=-80.0
ICrawl Update: leg=1, phase=0.51, x=-60.0, y=110.0, z=-80.0
ICrawl Update: leg=2, phase=0.01, x=-80.0, y=-110.0, z=-75.0
IICrawl Update
ICrawl Update: leg=1, phase=0.50, x=-60.0, y=110.0, z=-80.0
ICrawl UICrawl Update: leg=3, phase=
ICrawl Update
ICrawl Update: .0, y=110.0, z=-80.0
ICrawl Update: leg=2, phase=0.99, x=-78.0, y=-110.0, z=-80.0
ICICrawl Update: leg=0, 
ICrawl Update: leg=1, phase=0.48, x=-56.0, y=110.0, z=-80.0
ICrawl Update: leg=2, phase=0.98, x=-76.0, y=-110.0, z=-80.0
ICrawl Update: leg=3, phase=0.98, 
ICrawl Update: leg=0, phase=0.47, x=66.0, y=110.0, z=-80.0
ICrawl Update: leg=1, phase=0.47, x=-54.0, y=110.0, z=-80.0
ICrawl Update: leg=2, phase=0.97, x=-74.0, y=-110.0, z=-80.0
ICrawICrawl Update: leg=0, phase=0.46, x=68.0, y=110.0, z=-80.0
ICraw leg=2, phase=0.96, x=-72.0, y=-110.0, z=-80.0
ICrawl Update
ICrawl Update: leg=0, 
ICrawl Update: leg=1, phase=0.45, x=-50.0, y=110.0, z=-80.0
ICrawl Update: leg=2, e=0.95, x=-70.0, y=-110.0, z=-80.0
ICrawl Update: leg=0, phase=0.44, x=72.0, y=110.0, z=-80.0
ICrawl Update: leg=1, phase=0.44, x=-4
ICrawl Update: leg=2, phas8.0, y=-110.0, z=-80.0
ICrawl Update: leg=3, phase=
ICrawl Update: leg=0, 
ICrawl Update: leg=1, phase=0.43, x=-4
ICrawl Update: leg=2, phase=0.93, x=-66.0, y=-110.0, z=-80.0
ICraICrawl Update: leg=0, phase=0.42, x=76.0, y=110.0, z=-80.0
ICrawl Update: leg=1, phase=0.42, x=-4
ICrawl Update: leg=2, phase=0.92, x=-64.0, y=-110.0, z=-80.0
ICrawl Update: leg=3, 
ICrawl Update: leg=0, phase=0.41, x=78.0, y=110.0, z=-80.0
ICICrawl Update: leg=2, phase=0.91, x=-62.0, y=-110.0, z=-80.0
e: leg=3, phase=0.91, x=58.0, y=-110.0, z=-80.0
ICrawl Update: leg=1, phase=0.40, x=-40.0, y=110.0, z=-80.0
ICrawl UpdICrawl Update: leg=3, phase=0.90, x=60.0, y=-110.0, z=-80.0
ICrawl Update: leg=0, phase=0.39, x=80.0, y=110.0, z=-75.0
ICrawl Update: leg=1, phase=0.39, x=-40.0, y=110.0, z=-80.0
ICrawl Update: leg=2, phase=0.89, x=-60.0, y=-110.0, z=-80.0
ICrawl Update: leg=3, phase=0.8960.0, y=-110.0, z=-80.0
ICrawl Update: leg=0, 
ICraICrawl Update: leg=2, phase=0.88, x=-60.0, y=-110.0, z=-80.0
ICrawl Update: .0, z=-80.0
ICrawl UpdICrawl Update: leg=2, phase=0.87, x=-60.0, y=-110.0, z=-80.0
ICrawl Update: leg=3, phase=0.87, x=60.0, y=-110.0, z=-80.0
ICrawl Update
ICrawl Update: leg=1, phase=0.36, x=-40.0, y=110.0, z=-80.0
ICrawl Update: leg=2, phase=0.86, x=-60.0, y=-110.0, z=-80.0
ICrawl te: leg=0, phase=0.35, x=80.0, y=110.0, z=-55.0
ICrawl Update: leg=1,
ICrawl Update: leg=2, phase=0.85
ICrawl Update: leg=0, phase=0.34, x=76.0, y=110.0, z=-55.0
ICrICrawl Update: leg=2, phase=0.84, x=-60.0, y=-110.0, z=-80.0
ICrawl Update: leg=3, phase=0.84, x=60.0, y=-110.0, z=-80.0
=72.0, y=110.0, z=-55.0
ICrawl Update: leg=1, phase=0.33, x=-4
ICrawl Update: leg=2, phase=0.83, x=-60.0, y=-110.0, z=-80.0
ICrawl .0, z=-55.0
ICrawl Update: leg=1,
ICrawl UpICrawl Update: leg=3, phase=0.82, 
ICrawl Update:
ICrawl Update: leg=1, phase=0.31, x=-4
ICrawl Update: leg=2, phase=0.81, x=-60.0, y=-110.0, z=-80.0
ICraICrawl Update: leg=1, phase=0.30, x=-40.0, y=110.0, z=-80.0
ICrawl Update: leg=2, phase=0.80, x=-6
ICrawl Update: 
ICrawl Update
ICrawl Update: leg=1, phase=0.29, x=-40.0, y=110.0, z=-80.0
ICrawl Update: leg=2, phase=0.79, x=-60.0, y=-110.0, z=-80.0
ICrawl Update: leg=3,
ICrawl Update
ICrawl Update: leg=1, phas=-40.0, y=110.0, z=-80.0
ICrICrawl Update
0.0, z=-80.0
ICrawl Update: leg=2, phase=0.77, x=-60.0, y=-110.0, z=-80.0
ICrawl UpdICrawl Update
ICraw
ICrawICrICrawl Update: leg=0, phase=0.25, x=40.0, y=110.0, z=-55.0
ICrawl UpICrawl Update: leg=2, phase=0.75, x=-60.0, y=-110.0, z=-80.0
ICrawl UpdICrawl Update: leg=0, phase=0.24, x=40.0, y=110.0, z=-60.0
ICrawl Update: leg=1, phase=0.24, x=-40.0, y=110.0, z=-80.0
ICrawphase=0.74, x=-60.0, y=-110.0, z=-80.0
ICrawl Update: leg=3, phase=0.74, 
ICrawl Update
ICrawl Update: leg=1,
ICrawl Update: leg=2, phase=0.73, x=-60.0, y=-110.0, z=-80.0
ICrawl Update: leg=0, phase=0.22, x=40.0, y=110.0, z=-70.0
ICrawl Update: leg=1, phase=0.22
ICrawl Update: leg=2, phase=0.72, x=-60.0, y=-110.0, z=-80.0
ICrawl Update: leg=3, phase=0.72, x
ICrawl Update: leg=0, phase=0.21, x=40.0, y=110.0, z=-75.0
ICrawl Update: leg=1,
ICrawl Update: leg=2, phase=0.71, x=-6.0
ICrawl Update: leg=3, phase=0.71, 
ICrawl Update: leg=0, 
ICrawl Update: leg=2, phase=0.70, x=-60.0, y=-110.0, z=-80.0
pdate: leg=3, phase=0.70, x=60.0, y=-110.0, z=-80.0
ICrawl Update
ICrawl Update: leg=1,
ICrawl Update: leg=2, phase=0.69, x=-60.0, y=-110.0, z=-80.0
ICrawl Update: leg=3, phase=0.69, x=60.0, y=-110.0, z=-80.0
ICrawl Update
ICrawl Update: leg=1, phase=0.18, x=-40.0, y=110.0, z=-70.0
ICrawl Update: leg=2, phase=0.68, x=-60.0, y=-110.0, z=-80.0
IC, x=60.0, y=-110.0, z=-80.0
ICrawl Update: leg=1, phase=0.17, x=-40.0, y=110.0, z=-65.0
ICrawl Update: leg=2, phase=0.67
ICrawl Update: leg=3, phase=0.67, x=60.0, y=-110.0, z=-80.0
ICrawl Update: leg=0, phase=0.16, x=40.0, y=110.0, z=-80.0
ICraICrawl Update: leg=2, phase=0.66, x=-60.0, y=-110.0, z=-80.0
IC0.0
ICrawl Update: leg=0, 
ICrawl Update: leg=1,
ICrawl Update: leg=3, phase=
ICrawl Update: leg=0, phase=0.14, x=40.0, y=110.0, z=-80.0
ICrawl Update: leg=1, phase=0.14, x=-4
ICrawl ICrawl Update: leg=3, phase=0.64, x=60.0, y=-110.0, z=-80.0
ICrawl 0, phase=0.13, x=40.0, y=110.0, z=-80.0
ICrawl Update: leg=1, phase=0.13, x=-48.0, y=110.0, z=-55.0
ICrawl Update: leg=2, phase=0.63, x=-60.0, y=-110.0, z=-80.0
ICrawl UpdICrawl 2, x=40.0, y=110.0, z=-80.0
ICrawl Update: leg=1, phase=0.12, x=-5
ICrawl Update: leg=2,
ICrawl UpdICrawl =110.0, z=-80.0
ICrawl Update: leg=1, phase=
ICrawl Upd0.0
ICrawl Update
ICrawl Update: leg=1, phase=0.09, x=-64.0, y=110.0, z=-55.0
ICrawl Update: leg=2, phase=0.59, x=-60.0, y=-110.0, z=-80.0
ICrawl Update: leg=3, phase=0.59, x=60.
ICrawl Update: leg=1, phase=0.08, x=-68.0, y=110.0, z=-55.0
ICrawl Update: leg=2,
ICrawl Update: leg=3,
ICrawl Update: leg=1, phase=0.07, x=-72.0, y=110.0, z=-55.0
ICrawl Update: leg=2, phase=0.57, x=-60.0, y=-110.0, z=-80.0
ICrawl Update: leg=3, ph
ICrawl Update
ICrawl Update: leg=1, phase=0.06, x=-76.0, y=110.0, z=-55.0
ICrawl Update: leg=2, phase=0.56, x=-60.0, y=-110.0, z=-80.0
ICrawl Update: leg=3, phase=0.56, x=60.0, y
ICrawl Update: leg=1, phase=0.05, x=-80.0, y=110.0, z=-55.0
ICrawl Update: leg=2, phase=0.55, x=-60.0, y=-110.0, z=-80.0
ICrawl Update: leg=3, phase=0.55, 
ICrawl Update
ICrawl Update: leg=1, phase=0.04, x=-8
ICrawl Update: leg=2, phase=0.54, x=-60.0, y=-110.0, z=-80.0
IICrawl Update
ICrawl Update: leg=1, phase=0.03, x=-80.0, y=110.0, z=-65.0
ICraw=2, phase=0.53, x=-60.0, y=-110.0, z=-80.0
ICrawl Update: leg=3, phase=
ICrawl Update
ICrawl Update: leg=2, phase=0.52, x=-60.0, y=-110.0, z=-80.0
ICrawl Update: leg=1, phase=0.01, x=-8
ICrawl Update: leg=2, phase=0.51, x=-60.0, y=-110.0, z=-80.0
ICraICrawl Update: leg=2, phase=0.50, x=-60.0, y=-110.0, z=-80.0
ICrawl Update: leg=3, phase=
Trot Walk St
SetFootBase: leg=0, x
SetFootBase: leg=1, x=-80.00, y=110.00, z=-80.00
SetFootBase: leg=2, x=-60.00, y=-110.00, z=-80.00
SetFootBase: leg=3, x=60.00, y=-110.00, z=-80.00
Trot: leg=0, phase=0.00, x=0.00, y=0.00, z=0.00, Rot=-1
Trot: leg=1, phase=0.50, x=0.00, y=0.00, z=0.00, Rot=-1
Trot: leg=2, phase=0.00, x=0.00, y=0.00, z=0.00, Rot=-1
Trot: leg=3, phase=0.50, x=0.00, y=0.00, z=0.00, Rot=-1
Trot: leg=0, phase=0.00, x=0.00, y=0.00, z=0.00, Rot=-1
Trot: leg=1, phase=0.50, x=0.00, y=0.00, z=0.00, Rot=-1
Trot: leg=2, phase=0.00, x=0.00, y=0.00, z=0.00, Rot=-1
Trot: leg=3, phase=0.50, x=0.00, y=0.00, z=0.00, Rot=-1
Trot: leg=0, phase=0.01, x=0.00, y=0.00, z=2.00, Rot=-1
Trot: leg=1, phase=0.51, x=-0.60, y=0.00, z=0.00, Rot=-1
Trot: leg=2, phase=0.
Trot: leg=3, phase=0.51, 
0.00, z=4.00, Rot=-1
Trot: leg=1, phase=0.52, x=-1.20, y=0.00, z=0.00, Rot=-1
Trot: leg=3, phase=0.52, x=-1.20, y=0.00, z=0.00, Rot=-1
Trot: leg=0, phase=0.03, x
: leg=1, phase=0.53, x=-1.80, y=0.00, z=0.00, Rot=-1
Trot: leg=2, phase=0.03, x=0.00, y=0.00, z=6.00, Rot=-1
Trot: leg=3, phase=0.
Trot: leg=0, phase=0.04, x
40, y=0.00, z=0.00, Rot=-1
Trot: leg=3, phase=0.54
Trot: leg=0, phase=0
1
Trot: leg=0, phase=0.06, x
Trot06, x=0.00, y=0.00, z=12.00, Rot=-1
Trot: leg=3, phase=0.56, x=-3.60, y=0.00, z=0.00, Rot=-1
Trot: leg=0, phase=0.07, x=0.00, y=0.00, z=14.00, Rot=-1
Trot:.00, Rot=-1
Trot: leg=3, phase=0.57, x=-4.20, y=0.00, z=0.00, Rot=-1
Trot: leg=0, phase=0
Trot: leg=1, phase=0.58, x=-4.80, y=0.00, z=0.00, Rot=-1
TroTro, phase=0.58, x=-4.80, y=0.00, z=0.00, Rot=-1
Trot: leg=0, phase=0.09, x
Trot: leg=1, phase=0.59, x=-5.40, y=0.00, z=0.00, Rot=-1
TrotTr=0.00, z=0.00, Rot=-1
TTrot: leg=2, phase=0.10, x=0.00, y=0.Trot: leg=3, phase=0.60, x=-6.00, y=0.00, z=0.00, Rot=-1
Trot: leg=0, phase=0.11, x=1.50, y=0.00, z=20.00, Rot=-1
Trot:Trot: leg=2, phase=0.11, x=1.50, y=0.00, z=20.00, Rot=-1
Trot: leg=0, phase=0.12, x=3.00, y=0.00, z=20.00, Rot=-1
Trot: leg=1, p
Trot: leg=2, phase=0.12, x=3.00, y=0.00, z=20.00, Rot=-1
Trot: leg=3, phase=0.6
Trot: leg=0, p Rot=-1
Trot: leg=1, phase=0.63, x=-7.80, y=0.00, z=0.00, Rot=-1
Trot: leg=2, phase=0.13, x=4.50, y=0.00, z=20.00, Rot=-1
Trot: leg=3, phase=0.63, x=-7.80, y=0.00, z=0.00, Rot=-1
ase=0.64, x=-8.40, y=0.00, z=0.00, Rot=-1
Trot: leg=2, phase=0.14, x=6.00, y=0.00, z=20.00, Rot=-1
Trot: leg=3, phase=0.64, 
Trot: leg=0, phase=0.15, x=7.50, y=0.00, z=20.00, Rot=-1
Trot: leg=1, phase=0.65, x=-9.00, y=0.00, z=0.00, Rot=-1
Trot: leg=2, phase=0.15, x=7.50, y=0.00, z=20.00, Rot=-1
Trot: leg=3, phase=0.65, x=-9.00, y=0.00, z=0.00, Rot=-1
Trot: leg=0, phase=0.16, x
Trot: leg=1, p
Trot: leg=2, phase=0.16, x=9.00, y=0.00, z=20.00, Rot=-1
Trot: leg=3, phase=0.66, x=-9.60, y=0.00, z=0.00, Rot=-1
Trot: leg=0, phase=0.17, x=10.50, 
Trot: leg=1, phase=0.67, x=-10.20, y=0.00, z=0.00, Rot=-1
Tro10.50, y=0.00, z=20.00, Rot=-1
Trot: leg=0, phase=0.18, x
TrotTrot: leg=2, phase=0.18, x=12.00, y=0.00, z=20.00, Rot=-1
TrotTrot: leg=0, phase=0.19, x
Trot: leg=1, ph
Trot: leg=3, phase=0.69, x=-11.40, y=0.00, z=0.00, Rot=-1
Trot: leg=0, phase=0.20, x=15.00, y=0.00, z=20.00, Rot=-1
Trot: leg=2, phase=0.
12.00, y=0.00, z=0.00, Rot=-1
Trot: leg=0, phase=0.21, x
Trot: leg=1, phase=0.71, x=-12.60, y=0.00, z=0.00, Rot=-1
Trot: leg=2, phase=0.21, x=16.50, y=0.00, z=20.00, Rot=-1
0, Rot=-1
Trot: leg=0, phase=0
Trot: leg=1, phase=0
Trot: leg=2, phase=0.22, x=18.00, y=0.00, z=20.00, Rot=-1
Trot: leg=3, phase=0
Trot: leg=0, phase=0.23, x=19.50, y=0.00, z=20.00, Rot=-1
Trot: leg=1, phase=0.73, x=-13.80, y=0.00, z=0.00, Rot=-1
Trot: leg=2, phase=0.23, x=19.50, y=0.00, z=20.00, Rot=-1
Trot: leg=3, phase=0.73, x=-13.80, y=0.00, z=0.00, Rot=-1
Trot: leg=0, phase=0.00, y=0.00, z=20.00, Rot=-1
TrotTrot: leg=2, phase=0.24, x=21.00, y=0.00, z=20.00, Rot=-1
Trot: leg=3, phase=0.74, x=-14.40, y=0.00, z=0.00, Rot=-1
, Rot=-1
Trot: leg=3, phase=0.
Trot: leg=0, phase=0.26, x
1, phase=0.76, x=-15.60, y=0.00, z=0.00, Rot=-1
Trot: leg=2, phase=0.26, x=24.00, y=0.00, z=20.00, Rot=-1
Trot: leg=3, phase=0.76, x=-15.60, y=0.00, z=0.00, Rot=-1
Trot: leg=0, phase=0.
.20, y=0.00, z=0.00, Rot=-1
Trot: leg=2, phase=0.27, x=25.50, y=0.00, z=20.00, Rot=-1
Trot:Trot: leg=0, phase=0.28, x=27.00, y=0.00, z=20.00, Rot=-1
 Rot=-1
Trot: leg=2, phase=0.28, x=27.00, y=0.00, z=20.00, Rot=-1
Trot: leg=3, phase=0.78, x=-16.80, y=0.00, z=0.00, Rot=-1
TrotTrot: leg=2, phase=0.29, x=28.50, y=0.00, z=20.00, Rot=-1
Trot: leg=3, phase=0.
Trot: leg=0, phase=0.30, x=30.00, y=0.00, z=20.00, Rot=-1
Trot:0, y=0.00, z=20.00, Rot=-1
Trot: leg=Trot: leg=0, phase=0
Trot: lTrot: leg=2, phase=0.31, x=30.00, y=0.00, z=18.00, Rot=-1
Trot: leg=0, phase=0.32, x
Trot: leg=1, phase=0.82, x=-19.20, y=0.00, z=0.00, Rot=-1
Trot: leg phase=0.82, x=-19.20, y=0.00, z=0.00, Rot=-1
Trot: leg=1, phase=0.83, x=-19.80, y=0.00, z=0.00, Rot=-1
Trot: leg=2, phase=0.33, x=30.00, y=0.00, z=14.00, Rot=-1
Trot: leg=3, p0, y=0.00, z=0.00, Rot=-1
Trot: leg=0, phase=0
TrotTrot: leg=Trot: leg=3, phase=0.84, x=-20.40, y=0.00, z=0.00, Rot=-1
Trot: leg=0, phase=0.35, x
Trot: leg=1, phase=0.85, x=-21.00, y=0.00, z=0.00, Rot=-1
Trot: leg=2, phase=0.35, x=30.00, y=0.00, z=10.00, Rot=-1
Trot: leg=0, phase=0.36, x=30.00, y=0.00, z=8.00, Rot=-1
Trot: lTrot: leg=2, phase=0.36, x=30.00, y=0.00, z=8.00, Rot=-1
Trot: leg=0, p=0.00, z=6.00, Rot=-1
Trot: leg=1, phase=0.87, x=-22.20, y=0.00, z=0.00, Rot=-1
Trot: leg=2, phase=0.37, x=30.00, y=0.00, z=6.00, Rot=-1
Trot: leg=3, phase=0.
Trot: leg=0, phase=0.3
Trot: leg=1, phase=0.88, x=-22.80, y=0.00, z=0.00, Rot=-1
Trot: leg=3, phase=0.88, x=-22.80, y=0.00, z=0.00, Rot=-1
Trot: leg=0, phase=0.39, x
Trot: leg=1, phase=0.89, x=-23.40, y=0.00, z=0.00, Rot=-1
Trot: leg=0, phase=0
z=0.00, Rot=-1
Trot: leg=Trot: leg=3, phase=0.90, x=-24.00, y=0.00, z=0.00, Rot=-1
Trot: leg=2, phase=0.41, x=30.00, y=0.00, z=0.00, Rot=-1
TTrot: leg=1, phase=0.92, x=-25.20, y=0.00, z=0.00, Rot=-1
Trot: leg=2, phase=0.42, x=30.00, y=0.00, z=0.00, Rot=-1
TrTrot: leg=0, phase=0
Trot: leg=1, phase=0.93, x=-25.80, y=0.00, z=0.00, Rot=-1
TrotRot=-1
Trot: leg=3, phase=0.93, x=-25.80, y=0.00, z=0.00, Rot=-1
Trot: leg=0, phase=0
Trot: leg=hase=0.94, x=-26.40, y=0.00, z=0.00, Rot=-1
Trot: leg=0, phase=0.45, x=30.00, y=0.00, z=0.00, Rot=-1
Trot: leg=2, phase=0.45, x=30.00, y=0.00, z=0.00, Rot=-1
Trot: leg=3, phase=0.95, x=-27.00, y=0.00, z=0.00, Rot=-1
Trot: leg=0, phase=0.46, x
Trot: leg=1, phase=0.96
Trot: leg=2, phase=0.46, x=30.00, y=0.00, z=0.00, Rot=-1

Trot: leg=0, phase=0
Trot: leg=1, phase=0.97, x=-28.20, y=0.00, z=0.00, Rot=-1
Trot: leg=2, phase=0.47, x=30.00, y=0.00, z=0.00, Rot=-1
Trot: leg=3, phase=0.97, x=-28.20, y=0.00, z=0.00, Rot=-1
Trot: leg=0, p48, x=30.00, y=0.00, z=0.00, Rot=-1
Trot: leg=Trot: leg=3, phase=0.98, x=-28.80, y=0.00, z=0.00, Rot=-1
Trot: leg=0, phase=0.49, x=30.00, y=0.00, z=0.00, Rot=-1
TroTrot: leg=2, phase=0.49, x=30.00, y=0.00, z=0.00, Rot=-1
Trot: leg=3, ph
Trot: leg=0, phase=0.50, x=30.00, y=0.00, z=0.00, Rot=-1
Trot: leg=1, phase=0.00, x=-30.00, y=0.00, z=0.00, Rot=-1
Trot: leg=2, phase=0.50, x=30.00, y=0.00, z=0.00, Rot=-1
Trot: leg=3, phase=0.00, x=-30.00, y=0.00, z=0.00, Rot=-1
Trot: leg=1, phase=0.01, x=-30.00, y=0.00, z=2.00, Rot=-1
Trot: leg=0, phase=0
Trot: leg=1, phase=0.02, x=-30.00, y=0.00, z=4.00, Rot=-1
Trot: leg=2, phase=0.52, x=28.80, y=0.00, z=0.00, Rot=-1
Trot: leg=0, phase=0
Trot: leg=1, phase=0.03, x=-30.00, y=0.00, z=6.00, Rot=-1
Trot: leg=2, phase=0.53, x=28.20, y=0.00, z=0.00, Rot=-1
Trot: leg=0, phase=0.54, x=27.60, y=0.00, z=0.00, Rot=-1
Trot: leg=1, phase=0.04, x=-30.00, y=0.00, z=8.00, Rot=-1
Trot: leg=2, phase=0.54, x=27.60, y=0.00, z=0.00, Rot=-1
Trot: leg=3, phase=0.04, x=-30.00, y=0.00, z=8.00, Rot=-1
Trot: leg=0, phase=0
Trot: leg=1, phase=0.05, x=-30.00, y=0.00, z=10.00, Rot=-1

TrTrot: leg=1, phase=0.06, x=-30.00, y=0.00, z=12.00, Rot=-1
TroTrot: leg=3, phase=0.06, x=-30.00, y=0.00, z=12.00, Rot=-1
TroTrTrot: leg=2, phase=0.57, x=25.80, y=0.00, z=0.00, Rot=-1
Trot: leg=3, phase=0.07, x=-30.00, y=0.00, z=14.00, Rot=-1
Trot: leg=0, phase=0.5
Trot: leg=1, phase=0
Trot: l
Trot: leg=0, phase=0.59, x=24.60, y=0.00, z=0.00, Rot=-1
Trot: leg=1, phase=0.09, x=-30.00, y=0.00, z=18.00, Rot=-1
Trot: leg=2, phase=0.59, x=24.60, y=0.00, z=0.00, Rot=-1
Trot: leg=3, phase=0.09, x=-30.00, y=0.00, z=18.00, Rot=-1
0.60, x=24.00, y=0.00, z=0.00, Rot=-1
Trot: leg=1, phase=
Trot: leg=2, phase=0.60, x=24.00, y=0.00, z=0.00, Rot=-1
Trot: leg=0, p0, z=0.00, Rot=-1
Trot: leg=1, phase=0.11, x=-28.50, y=0.00, z=20.00, Rot=-1
Trot: leg=2, phase=0.61, x=23.40, y=0.00, z=0.00, Rot=-1
Trot: leg=Trot: leg=0, phase=0.62, x=22.80, y=0.00, z=0.00, Rot=-1
rot: leg=1, phase=0.12, x=-27.00, y=0.00, z=20.00, Rot=-1
Trot: leg=2, phase=0.62, x=22.80, y=0.00, z=0.00, Rot=-1
Trot13, x=-25.50, y=0.00, z=20.00, Rot=-1
Trot: leg=2, phase=0.63, x=22.20, y=0.00, z=0.00, Rot=-1
Trot: legTrot: leg=0, phase=0.64, x=21.60, y=0.00, z=0.00, Rot=-1
Trot: leg=1, phase=0.14, x=-24.00, y=0.00, z=20.00, Rot=-1
Trot: leg=2, phase=0.64, x=21.60, y=0.00, z=0.00, Rot=-1
Trot: leg=3, phase=0.14
Trot: leg=0, phase=0.65, x=21.00, y=0.00, z=0.00, Rot=-1
Trot: leg=1, phase=0.15, x=-22.50, y=0.00, z=20.00, Rot=-1
Trot: leg=2, phase=0.65, x=21.00, y=0.00, z=0.00, Rot=-1
Trot: leg=3, phase=0.15, x=-22.50, y=0.00, z=20.00, Rot=-1
Trot: leg=0, phase=0.66, x=20.40, y=0.00, z=0.00, Rot=-1
Trot: leg=1, phase=0.16, x=-21.00, y=0.00, z=20.00, Rot=-1
Trot: leg=2, phase66, x=20.40, y=0.00, z=0.00, Rot=-1
Trot: leg=3, phase=0.16, x=-21.00, y=0.00, z=20.00, Rot=-1
TroTrot:Trot: z=0.00, Rot=-1
Trot: leg=3, phase=0.17, x=-19.50, y=0.00, z=20.00, Rot=-1
Trot: leg=0, phase=0.68, x
Trot: leg=1, phase=0.18, x=-18.00, y=0.00, z=20.00, Rot=-1
Trot: leg=2, phase=0.68, x=19.20, y=0.00, z=0.00, Rot=-1
t: leg=3, phase=0.18, x=-18.00, y=0.00, z=20.00, Rot=-1
Trot: leg=0, phase=0.69, x
Trot: leg=1, phase=0.19, x=-16.50, y=0.00, z=20.00, Rot=-1
Trot: leg=2, phase=0.69, x=18.60, y=0.00, z=0.00, Rot=-1
Trot:, x=-16.50, y=0.00, z=20.00, Rot=-1
Trot: leg=0, phase=0.7
Trot: leg=1, phase=0
TroTrot: leg=3, phase=0.20, x=-15.00, y=0.00, z=20.00, Rot=-1
Trot: leg=0, phase
Trot: leg=1, phase=0.21, x=-13.50, y=0.00, z=20.00, Rot=-1
Trot: legTrot: leg=3, phase=0.21, x=-13.50, y=0.00, z=20.00, Rot=-1
Trot: leg=0, phase=0.72, x=16.80, y=0.00, z=0.00, Rot=-1
Trot: leg=1,
Trot: leg=2, phase=0.72, x=16.80, y=0.00, z=0.00, Rot=-1
Trot: leg=3, phase=0.22, x=-12.00, y=0.00, z=20.00, Rot=-1
Trot: leg=0, p, x=16.20, y=0.00, z=0.00, Rot=-1
Trot: leg=1, phase=0.23, x=-10.50, y=0.00, z=20.00, Rot=-1
Trot: leg=2, phase=0.73, x=16.20, y=0.00, z=0.00, Rot=-1
Trot: leg=3, phase=0.23, x=-10.50, y=0.00, z=20.00, Rot=-1
Trot: leg=0, p=0.00, Rot=-1
TroTrot: leg=2, phase=0.74, x=15.60, y=0.00, z=0.00, Rot=-1
Trot: leg=3, phase=0.24, x=-9.00, y=0.00, z=20.00, Rot=-1
Trot: leg=0, phase=0.75, x
Trot: leg=1, phase=0.25, x=-7.50, y=0.00, z=20.00, Rot=-1
Trot: leg=2, phase=0.75, x=15.00, y=0.00, z=0.00, Rot=-1
Trot: leg=3, phase=0.25, x=-7.50, y=0.00, z=20.00, Rot=-1
Trot: leg=0, phase=0.7
Trot: leg=1, phase=0.26, x=-6.00, y=0.00, z=20.00, Rot=-1
Trot: leg=2, phase=0.76, x=14.40, y=0.00, z=0.00, Rot=-1
Trot: legRot=-1
Trot: leg=2, phase=0.77, x=13.80, y=0.00, z=0.00, Rot=-1
TroTrot: leg=0, phase=0
Trot: leg=1, phase=0.28, x=-3.00, y=0.00, z=20.00, Rot=-1
hase=0.78, x=13.20, y=0.00, z=0.00, Rot=-1
Trot:Trot: leg=0, phase=0.79, x=12.60, y=0.00, z=0.00, Rot=-1
Trot: leg=1, phase=0.29, x=-1.50, y=0.00, z=20.00, Rot=-1
Trot: leg=2, phase=0.79, x=12.60, y=0.00, z=0.00, Rot=-1
TrotTrot: leg=0, phase=0.80, x=12.00, y=0.00, z=0.00, Rot=-1
Trot: leg=Trot: leg=2, phase=0.80, x=12.00, y=0.00, z=0.00, Rot=-1
Trot: leg=3, phase=0.30, x=0.00, y=0.00, z=20.00, Rot=-1
Trot: leg=2, phase=0.81, x=11.40, y=0.00, z=0.00, Rot=-1
Trot: leg=3, phase=0.31, x=0.00, y=0.00, z=18.00, Rot=-1
Trot: leg=0, phase=0.82, x=10.80, y=0.00, z=0.00, Rot=-1
Trot: leg=1, phase=0.32, x=0.00, y=0.00, z=16.00, Rot=-1
Trot: leg=2, phase=0.82, x=10.80, y=0.00, z=0.00, Rot=-1
Trot: leg=3, ph Rot=-1
Trot: leg=0, phase=0.83, x=10.20, y=0.00, z=0.00, Rot=-1
Trot: leg=Trot:Trot: leg=0, phase=0.84, x=9.60, y=0.00, z=0.00, Rot=-1
Trot: leg=1, phase=0.34, x=0.00, y=0.00, z=12.00, Rot=-1
Trot: leg=2, phase=0.84, x=9.60, y=0.00, z=0.00, Rot=-1
Trot: leg=0, pz=0.00, Rot=-1
Trot: leg=1, phase=0.35, x=0.00, y=0.00, z=10.00, Rot=-1
Trot: leg=2, phase=0.85, x=9.00, y=0.00, z=0.00, Rot=-1
Trot: leg=0, phase=0.86, x=8.40, y
1, phase=0.36, x=0.00, y=0.00, z=8.00, Rot=-1
Trot: leg=2, phase=0.86, x=8.40, y=0.00, z=0.00, Rot=-1
Trot: leg=3, phase=0.36, x=0.00, y=0.00, z=8.00, Rot=-1
Trot: leg=0, phase=0
Trot: leg=1, phase=0.37, x=0.00, y=0.00, z=6.00, Rot=-1
Trot: leg=2, phase=0.87, x=7.80, y=0.00, z=0.00, Rot=-1
Trot: leg=3, phase=0.37, x=0.00, y=0.00, z=6.00, Rot=-1
Trot: leg=0, phase=0
Trot: leg=1, phase=0.38, x=0.00, y=0.00, z=4.00, Rot=-1
Trot: leg=2, phase=0.88, x=7.20, y=0.00, z=0.00, Rot=-1
Trot: leg=3, phase=0.38, x=0.00, y=0.00, z=4.00, Rot=-1
Trot: leg=0, phase=0
Trot: leg=1, phase=0.39, x=0.00, y=0.00, z=2.00, Rot=-1
Trot: leg=2, phase=0.89, x=6.60, y=0.00, z=0.00, Rot=-1
Trot: leg=3, phase=0.39, x=0.00, y=0.00, z=2.00, Rot=-1
Trot: leg=0, phase=0.90, x
Trot: leg=2, phase=0.90, x=6.00, y=0.00, z=0.00, Rot=-1
g=3, phase=0.40, x=0.00, y=0.00, z=0.00, Rot=-1
Trot: leg=1, phase=0.41, x=0.00, y=0.00, z=0.00, Rot=-1
Trot: leg=3, phase=0.41, x=0.00, y=0.00, z=0.00, Rot=-1
Trot: lTrot: leg=2, phase=0.92, x=4.80, y=0.00, z=0.00, Rot=-1
Trot: leg=3, phase=0.42, x=0.00, y=0.00, z=0.00, Rot=-1
Trot: leg=0, phase=0.93, x=4.20, y=0.00, z=0.00, Rot=-1
Trot: leg=1, phase=0.43, x=0.00, y=0.00, z=0.00, Rot=-1
Trot: leg=2, phase=0.93, x=4.20, y=0.00, z=0.00, Rot=-1
Trot: leg=Trot: leg=0, ph0.00, z=0.00, Rot=-1
Trot: leg=TrotTroTrot: leg=0, phase=0
Trot: leg=1, phase=0.45, x=0.00, y=0.00, z=0.00, Rot=-1
Trot: leg=2, phase=0.95, x=3.00, y=0.00, z=0.00, Rot=-1
TroTrot: leg=1, phase=0.46, x=0.00, y=0.00, z=0.00, Rot=-1
TroTrot: leg=3, phase=0.46, x=0.00, y=0.00, z=0.00, Rot=-1
Trot: leg=0, phase=0.97, x
Trot: leg=1, phase=0.47, x=0.00, y=0.00, z=0.00, Rot=-1
Trot: leg=2, phase=0.97, x=1.80, y=0.00, z=0.00, Rot=-1
Trot: leg=3, phase=0.47, x=0.00, y=0.00, z=0.00, Rot=-1
Trot: leg=0, phase=0.98, x=1.20, y=0.00, z=0.00, Rot=-1
Trot: leg=1, phase=0.48, x=0.00, y=0.00, z=0.00, Rot=-1
Trot: leg=2, phase=0.98, x=1.20, y=0.00, z=0.00, Rot=-1
Trot: legTrot: leg=0, phase=0.99, x=0.60, y=0.00, z=0.00, Rot=-1
Trot: leg=Trot: leg=2, phase=0.99, x=0.60, y=0.00, z=0.00, Rot=-1
: leg=3, phase=0.49, x=0.00, y=0.00, z=0.00, Rot=-1
Trot: leg=0, phase=0.00, x
Trot: leg=Trot: leg=3, phase=0.50, x=0.00, y=0.00, z=0.00, Rot=-1
TTrot Walk Start
SetFootBase: leg=0, x
SetFootBase: leg=1, x=-80.00, y=110.00, z=-80.00
SetFootBase: leg=2, x=-60.00, y=-110.00, z=-80.00
SetFo
Trot: leg=0, phase=0
Trot: leg=1, phase=0.50, x=0.00, y=0.00, z=0.00, Rot=-1
Trot: leg=2, phase=0.00, x=0.00, y=0.00, z=0.00, Rot=-1
Trot: leg=0, phase=0.00, x=0.00, y=0.00, z=0.00, Rot=-1
Trot: leg=1, phase=0.50, x=0.00, y=0.00, z=0.00, Rot=-1
Trot: leg=3, phase=0.50, x=0.00, y=0.00, z=0.00, Rot=-1

Trot: leg=Trot: leg=Trot: leg=0, phase=0
Trot: leg=1, phase=0.52, x=-1.20, y=0.00, z=0.00, Rot=-1
Trot: leg=2, phase=0.02, x=0.00, y=0.00, z=4.00, Rot=-1
Trot: leg=1, phase=0.53, x=-1.80, y=0.00, z=0.00, Rot=-1
Trot: leg=Trot: leg=3, phase=0.53, x=-1.80, y=0.00, z=0.00, Rot=-1
Trot: leg=0, phase=0.04, x=0.00, y=0.00, z=8.00, Rot=-1
Trot: leg=2, phase=0.04, x=0.00, y=0.00, z=8.00, Rot=-1
Trot: leg=3, phase=0.54, x=-2.40, y=0.00, z=0.00, Rot=-1
Trot: leg=0, phase=0
Trot: leg=2, phase=0.05, x=0.00, y=0.00, z=10.00, Rot=-1
Trot: leg=3, phase=0.55, x=-3.00, y=0.00, z=0.00, Rot=-1
Trot: leg=1, phase=0.56, x=-3.60, y=0.00, z=0.00, Rot=-1
Trot: leg=2, phase=0.06, x=0.00, y=0.00, z=12.00, Rot=-1
Trot: leg=3, phase=0.56, x=-3.60, y=0.00, z=0.00, Rot=-1
Trot: leg=0, phase=0
TrotTrot: leg=2, phase=0.07, x=0.00, y=0.00, z=14.00, Rot=-1
Trot: leg=3, phase=0.57, x=-4.20, y=0.00, z=0.00, Rot=-1
Trot: leg=0, phase=0.08, x=0.00, y
Trot: leg=1, phase=0.58, x=-4.80, y=0.00, z=0.00, Rot=-1
Trot:
Trot: leg=0, phase=0
Trot: Trot: leg=3, phase=0.59, x=-5.40, y=0.00, z=0.00, Rot=-1
Trot: leg=0, phase=0.10, x=0.00, y=0.00, z=20.00, Rot=-1
Trot: leg=2, phase=0.10, x=0.00, y=0.00, z=20.00, Rot=-1
Trot: leg=3, phase=0.60, x=-6.00, y=0.00, z=0.00, Rot=-1
Trot: leg=0, p0, Rot=-1
Trot: leg=1, phase=0.61, x=-6.60, y=0.00, z=0.00, Rot=-1
Trot: leg=2, phase=
Trot: leg=
Trot: leg=1, phase=0.62, x=-7.20, y=0.00, z=0.00, Rot=-1
Trot: leg=2, phase=0.12, x=3.00, y=0.00, z=20.00, Rot=-1
Trot: leg=1, ph.00, z=0.00, Rot=-1
Trot: leg=2, phase=0.13, x=4.50, y=0.00, z=20.00, Rot=-1
Trot: leg=3, phase=0.63, x=-7.80, y=0.00, z=0.00, Rot=-1
Trot: leg=0, phase=0
Trot: leg=1, phase=0.64, x=-8.40, y=0.00, z=0.00, Rot=-1
t: leg=2, phase=0.14, x=6.00, y=0.00, z=20.00, Rot=-1
Trot: leg=3, phase=0.64, x=-8.40, y=0.00, z=0.00, Rot=-1
Trot: leg=0, phase=0.15, x
Trot: leg=1, phase=0.65, x=-9.00, y=0.00, z=0.00, Rot=-1
Trot: leg=2, phase=0.15, x=7.50, y=0.00, z=20.00, Rot=-1
Trot: lTrot: leg=1, phase=0.66, x=-9.60, y=0.00, z=0.00, Rot=-1
Trot: leg=2, phase=0.16, x=9.00, y=0.00, z=20.00, Rot=-1
Trot: leg=3, phase=0.66, x=-9.60, y=0.00, z=0.00, Rot=-1
Trot: leg=0, phase=0.17, x=10.50, y=0.00, z=20.00, Rot=-1
Trot: Trot: leg=3, phase=0.67, x=-10.20, y=0.00, z=0.00, Rot=-1
Trot: leg=0, phase=0.18, x
Trot: leg=1, phase=0.68, x=-10.80, y=0.00, z=0.00, Rot=-1
Trot: leg=2, phase=0.18, x=12.00, y=0.00, z=20.00, Rot=-1
 y=0.00, z=0.00, Rot=-1
Trot: leg=0, phase=0.19, x=13.50, 
Trot: leg=2, phase=0.19, x=13.50, y=0.00, z=20.00, Rot=-1
Trot: leg=3, phase=0.=-1
Trot: leg=1, phase=0.70, x=-12.00, y=0.00, z=0.00, Rot=-1
Trot: leg=2, phase=0.20, x=15.00, y=0.00, z=20.00, Rot=-1
Trot: leg=3, phase=0.70, x=-12.00, y=0.00, z=0.00, Rot=-1
Trot: leg=0, pase=0.21, x=16.50, y=0.00, z=20.00, Rot=-1
Trot: leg=2, phase=0.21, x=16.50, y=0.00, z=20.00, Rot=-1
Trot: leg=3, phase=0.71, x=-12.60, y=0.00, z=0.00, Rot=-1
Trot: leg=0, phase=0.22, x=18.00, y=0.00, z=20.00, Rot=-1
Trot: leg=1, phase=0.72
TrTrot: leg=3, phase=0.72, x=-13.20, y=0.00, z=0.00, Rot=-1
Trot: leg=0, phase=-1
Trot: leg=1, phase=0.73, x=-13.80, y=0.00, z=0.00, Rot=-1
Trot: leg=2, phase=0.23, x=19.50, y=0.00, z=20.00, Rot=-1
Trot: leg=3, ph
Trot: leg=0, phase=0.24, x
se=0.74, x=-14.40, y=0.00, z=0.00, Rot=-1
Trot: leg=2, phase=0.24, x=21.00, y=0.00, z=20.00, Rot=-1
TrotTrot: leg=0, phase=0.25, x=22.50, y=0.00, z=20.00, Rot=-1
=0.00, z=0.00, Rot=-1
Trot: leg=Trot: leg=3, phase=0.75, x=-15.00, y=0.00, z=0.00, Rot=-1
Trot: leg=0, phase=0.26, x=24.00, y=0.00, z=20.00, Rot=-1
1
Trot: leg=2, phase=0.26, x=24.00, y=0.00, z=20.00, Rot=-1
Trot: leg=0, phase=0.27, x=25.50, y=0.00, z=20.00, Rot=-1
Trot: leg=1, phase=0.77, x=-16.20, y=0.00, z=0.00, Rot=-1
Trot:e=0.27, x=25.50, y=0.00, z=20.00, Rot=-1
Trot: leg=Trot: leg=0, phase=0.28, x=27.00, y=0.00, z=20.00, Rot=-1
Tr.00, z=20.00, Rot=-1
Trot: leg=3, phase=0.78, x=-16.80, y=0.00, z=0.00, Rot=-1
Trot: leg=1, phase=0.79, x=-17.40, y=0.00, z=0.00, Rot=-1
Trot: leg=2, phase=0.29, x=28.50, y=0.00, z=20.00, Rot=-1
Trot: leg=3, phase=0.79, x=-17.40, y=0.00, z=0.00, Rot=-1
TroTrTrot: leg=2, phase=0.30, x=30.00, y=0.00, z=20.00, Rot=-1
Trot: leg=3, phase=0.80, x=-18.00, y=0.00, z=0.00, Rot=-1
Trot: leg=0, phase=0
Trot: leg=1, phase=0.81, x=-18.60, y=0.00, z=0.00, Rot=-1
Trot: leg=2, phase=0.31, x=30.00, y=0.00, z=18.00, Rot=-1
Trot: leg=3, phase=0.81, x=-18.60, y=0.00, z=0.00, Rot=-1

Trot: leg=0, phase=0.
Trot: leg=1, phase=0.83, x=-19.80, y=0.00, z=0.00, Rot=-1
Trot: leTrot: leg=3, phase=0.83, x=-19.80, y=0.00, z=0.00, Rot=-1
Trot: leg=0, phase=0.34, x=30.00, y=0.00, z=12.00, Rot=-1
Trot: leg=2, phase=0.34, x=30.00, y=0.00, z=12.00, Rot=-1
Trot: leg=0, p0, z=10.00, Rot=-1
Trot: leg=1, phase=0.85, x=-21.00, y=0.00, z=0.00, Rot=-1
Trot: leg=2, 
Trot: leg=3, phase=0.85, x=-21.00, y=0.00, z=0.00, Rot=-1
Trot: leg=0, phase=0
Trot: leg=1, phase=0.86, x=-21.60, y=0.00, z=0.00, Rot=-1
Trot: leg=2Trot: leg=3, phase=0.86, x=-21.60, y=0.00, z=0.00, Rot=-1
Trot: leg=0, phase=0.37, x
, x=-22.20, y=0.00, z=0.00, Rot=-1
Trot: leg=2, phase=0.37, x=30.00, y=0.00, z=6.00, Rot=-1
Trot: leg=3, phase=0.87, x=-22.20, y=0.00, z=0.00, Rot=-1
Trot: leg=0, phase=0
0.00, Rot=-1
Trot: lTrot: leg=3, phase=0.88, x=-22.80, y=0.00, z=0.00, Rot=-1
Trot: lg=2, phase=0.39, x=30.00, y=0.00, z=2.00, Rot=-1
Trot: leg=3, phase=0.89, x=-23.40, y=0.00, z=0.00, Rot=-1
Trot: leg=0, phase=0
Trot: leg=1, phase=0.90, x=-24.00, y=0.00, z=0.00, Rot=-1
Trot: leg=2, phase=0.40, x=30.00, y=0.00, z=0.00, Rot=-1
Trot: leg=3, phase=0.90, x=-24.00, y=0.00, z=0.00, Rot=-1
Trot: leg=0, phase=0.41, x=30.00, y=0.00, z=0.00, Rot=-1
Trott=-1
Trot: leg=3, phase=0.
Trot: leg=0, phase=0.42, x=30.00, y=0.00, z=0.00, Rot=-1
Trot:Trot: leg=2, phase=0.42, x=30.00, y=0.00, z=0.00, Rot=-1
Trot: leg=3, phase=0.92, x=-25.20, y=0.00, z=0.00, Rot=-1
Trot: leg=0, phas
Trot: leg=1, phase=0.93, x=-25.80, y=0.00, z=0.00, Rot=-1
Trot: leg=2, phase=0.43, x=30.00, y=0.00, z=0.00, Rot=-1
Trot: leg=3, phase=0.00, z=0.00, Rot=-1
Trot: leg=0, phase=0.44, x
Trot: leg=1, phase=0.94, x=-26.40, y=0.00, z=0.00, Rot=-1
Trot: leg=2, phase=0.44, x=30.00, y=0.00, z=0.00, Rot=-1
Trot: leg=0, phase=0.45, x=30.00, y=0.00, z=0.00, Rot=-1
Trot: leg=1, phase=0.95, x=-27.00, y=0.00, z=0.00, Rot=-1
Trot: Trot: leg=3, phase=0.95, x=-27.00, y=0.00, z=0.00, Rot=-1
Trot: leg=0, phase=0.46, x=30.00, y=0.00, z=0.00, Rot=-1
Trot: leg=2, phase=0.46, x=30.00, y=0.00, z=0.00, Rot=-1
Trot: leg=3, phase=0.96, x=-27.60, y=0.00, z=0.00, Rot=-1
Trot: leg=0, p.00, Rot=-1
Trot: leg=1, phase=0.97
TrTrot: leg=3, phase=0.97, x=-28.20, y=0.00, z=0.00, Rot=-1
Trot: leg=0, phase=0.48, x=30.00, y=0.00, z=0.00, Rot=-1
=1, phase=0.98, x=-28.80, y=0.00, z=0.00, Rot=-1
Trot: leg=2, phase=0.48, x=30.00, y=0.00, z=0.00, Rot=-1
Trot: leg=1, phase=0.99, x=-29.40, y=0.00, z=0.00, Rot=-1
TroTrot: leg=3, phase=0.99, x=-29.40, y=0.00, z=0.00, Rot=-1
Trot: leg=1, phat=-1
Trot: leg=Trot: leg=3, phase=0.00, x=-30.00, y=0.00, z=0.00, Rot=-1
Trot: leg=0, phase=0
Trot: leg=1, phase=0.01, x=-30.00, y=0.00, z=2.00, Rot=-1
Trot: leg=2, phase=0.51, x=29.40, y=0.00, z=0.00, Rot=-1
00, z=0.00, Rot=-1
Trot: leg=3,
Trot: leg=1, phase=0.03, x=-30.00, y=0.00, z=6.00, Rot=-1
Trot: leg=2, phase=0.53, x=28.20, y=0.00, z=0.00, Rot=-1
Trot: leg=3, phase=0.03, x=-30.00, y=0.00, z=6.00, Rot=-1
Trot: leg=0, phase=0
Trot: leg=1, phase=0.04, x=-30.00, y=0.00, z=8.00, Rot=-1
Trot: leg=2, phase=0.54, x=27.60, y=0.00, z=0.00, Rot=-1
Trot: leg=3, phase=0.04, x=-30.00, y=0.00, z=8.00, Rot=-1
Trot: leg=1, phase=0.
Trot: leg=Trot: leg=3, ph10.00, Rot=-1
Trot: leg=1, phase=0.06, x=-30.00, y=0.00, z=12.00, Rot=-1
Trot: leg=2, phase=0.56, x=26.40, y=0.00, z=0.00, Rot=-1
Trot: leg=3, phase=0.06, x=-30.00, y=0.00, z=12.00, Rot=-1
Trot: leg=0, phase=0.57, x=25.80, y=0.00, z=0.00, Rot=-1
Trot: leg=1, phase=0.07, x=-30.00, y=0.00, z=14.00, Rot=-1
Trot: leg=2, phase=0.57, x=25.80, y=0.00, z=0.00, Rot=-1
Trox=25.20, y=0.00, z=0.00, Rot=-1
Trot: leg=1,
TTrot: leg=3, phase=0.08, x=-30.00, y=0.00, z=16.00, Rot=-1
.00, Rot=-1
Trot: leg=1, phase=0.
Trot: leg=2, phase=0.59, x=24.60, y=0.00, z=0.00, Rot=-1
Trot: legeg=1, phase=0.10, x=-30.00, y=0.00, z=20.00, Rot=-1
Trot:Trot: leg=3, phase=0.10, x=-30.00, y=0.00, z=20.00, Rot=-1
Trot: leg=1, phase=0.11, x=-28.50, y=0.00, z=20.00, Rot=-1
Trot: leg=2, phase=0.61, x=23.40, y=0.00, z=0.00, Rot=-1
Trot: leg=1, phase=0.12, x=-27.00, y=0.00, z=20.00, Rot=-1
Trot: leg=2, phase=0.62, x=22.80, y=0.00, z=0.00, Rot=-1
Trot: lTrot: leg=0, phase=0
Trot: leg=1, phase=0.13, x=-25.50, y=0.00, z=20.00, Rot=-1
Trot: leg=2, phase=0.63, x=22.20, y=0.00, z=0.00, Rot=-1
Trot: leg=3, phase=0.13, x=-25.50, y=0.00, z=20.00, Rot=-1
Trot: leg=0, phase=0
Trot: leg=1, phase=0.14, x=-24.00, y=0.00, z=20.00, Rot=-1
Trot: leg=2, phase=0.64, x=21.60, y=0.00, z=0.00, Rot=-1
Trot: leg=3, phase=0
Trot: leg=0, phase=0
Trot: leg=1, phase=0.15, x=-22.50, y=0.00, z=20.00, Rot=-1
0, Rot=-1
Trot: leg=0, phase=0.66, x
Trot: leg=3, phase=0.16, x=-21.00, y=0.00, z=20.00, Rot=-1
Trot: leg=0, phase=0
Trot: leg=
Trot: leg=2, phase=0.67, x=19.80, y=0.00, z=0.00, Rot=-1
Trot: leg=3, phase=0.17, x=-19.50, y=0.00, z=20.00, Rot=-1
Trot: leg=0, phase=0
TroTrot: leg=0, Rot=-1
Trot: leg=0, phase=0
Trot: leg=1, phase=0.19, x=-16.50, y=0.00, z=20.00, Rot=-1
TroTrot: leg=3, phase=0.19, x=-16.50, y=0.00, z=20.00, Rot=-1
Trot: leg=0, phase=0.70, x=18.00, y=0.00, z=0.00, Rot=-1
Trot: leg=1, phase=0.20, x=-15.00, y=0.00, z=20.00, Rot=-1
TroTrot: leg=0, phase=0.71, x=17.40, y=0.00, z=0.00, Rot=-1
Trot: leg=1, phase=0.21, x=-13.50, y=0.00, z=20.00, Rot=-1
Trot: leg=2, phase=0.71, x=17.40, y=0.00, z=0.00, Rot=-1
Trot: leg=3, phase=0.21, x=-13.50, y=0.00, z=20.00, Rot=-1
Trot: leg=0, phase=0.72, x=16.80, y=0.00, z=0.00, Rot=-1
Trot: leg=1, phase=0.22, x=-12.00, y=0.00, z=20.00, Rot=-1
Trot: leg=2, phase=0.72, x=16.80, y=0.00, z=0.00, Rot=-1
Trot: leg=3, phase=0.22, x=-12.00, y=0.00, z=20.00, Rot=-1
Trot: leg=0, phase=0
Trot: leg=1, phase=0.23, x=-10.50, y=0.00, z=20.00, Rot=-1
Trot: leg=2, phase=0.73, x=16.20, y=0
Trot:Trot: leg=0, phase=0.74, x=15.60, y=0.00, z=0.00, Rot=-1
Trot: leg=1, phase=0.24, x=-9.00, y=0.00, z=20.00, Rot=-1
Trot: leg=2, phase=0.74, x=15.60, y=0.00, z=0.00, Rot=-1
Trot: leg=3, phase=0.24, x=-9.00, y=0.00, z=20.00, Rot=-1
Trot: leg=0, phase=0.75, x=15.00, y=0.00, z=0.00, Rot=-1
Trot: lt=-1
TroTrot: leg=0, phase=0
Trot: leg=1, phase=0.26, x=-6.00, y=0.00, z=20.00, Rot=-1
Trot:se=0.76, x=14.40, y=0.00, z=0.00, Rot=-1
TroTrot: leg=0, phase=0.77, x
TroTrot: leg=2, phase=0.77, x=13.80, y=0.00, z=0.00, Rot=-1
Trot: leg=0, phase=0.78, x=13.20, y=0.00, z=0.00, Rot=-1
Trot: leg=2, phase=0.78, x=13.20, y=0.00, z=0.00, Rot=-1
ot: leg=3, phase=0.28, x=-3.00, y=0.00, z=20.00, Rot=-1
Trot: leg=0, phase=0
TroTrot: leg=2, phase=0.79, x=12.60, y=0.00, z=0.00, Rot=-1
 x=-1.50, y=0.00, z=20.00, Rot=-1
Trot: leg=0, phase=0.80, x=12.00, y=0.00, z=0.00, Rot=-1
Trot: leg=1, phase=0.30, x=0.00, y=0.00, z=20.00, Rot=-1
Trot: leg=2, phase=0.80, x=12.00, y=0.00, z=0.00, Rot=-1
0, Rot=-1
Trot: leg=0, phase=0.81, x=11.40, y=0.00, z=0.00, Rot=-1
Trot: leg=2, phase=0.81, x=11.40, y=0.00, z=0.00, Rot=-1
Trot: leg=3, phase=0.31, x=0.00, y=0.00, z=18.00, Rot=-1
Trot: leg=0, phase=0.82, x=10.80, y=0.00, z=0.00, Rot=-1
Trot: leg=1, phase=0.32, x=0.00, y=0.00, z=16.00, Rot=-1
Trot: leg=3, phase=0.32, x=0.00, y=0.00, z=16.00, Rot=-1
Trot: leg=0, phase=0.83, x=10.20, y=0.00, z=0.00, Rot=-1
Trot: leg=1, phase=0.33, x=0.00, y=0.00, z=14.00, Rot=-1
Trot: leg=2, phase=0.83, x=10.20, y=0.00, z=0.00, Rot=-1
Trot: leg=3, phase=0.33, x=0.00, y=0.00, z=14.00, Rot=-1
Trot: leg=0, phase=0.
Trot: leg=1, phase=0.34, x=0.00, y=0.00, z=12.00, Rot=-1
Trot: leg=2, phase=0.84, x=9.60, y=0.00, z=0.00, Rot=-1
Trot: leg=3, phase=0.34, x=0.00, y=0.00, z=12.00, Rot=-1
Trot: leg=0, phase
Trot: leg=1, phase=0.35, x=0.00, y=0.00, z=10.00, Rot=-1
Trot: leg=Trot: leg=0, phase=0
Trot:
Trot: leg=2, phase=0.86, x=8.40, y=0.00, z=0.00, Rot=-1
TroTrot: leg=0, phase=0
Trot: leg=2, phase=0.87, x=7.80, y=0.00, z=0.00, Rot=-1
Trot: leg=3, phase=0.37, x=0.00, y=0.00, z=6.00, Rot=-1
Trot: leg=0, phase=0.88, x=7.20, y=0.00, z=0.00, Rot=-1
Trot: leg=1, phase=0.38, x=0.00, y=0.00, z=4.00, Rot=-1
Trot:
Trot:Trot: leg=0, phase=0.89, x
Trot: leg=1, phase=0.39, x=0.00, y=0.00, z=2.00, Rot=-1
Trot: leg=2, phase=0.89, x=6.60, y=0.00, z=0.00, Rot=-1
=0.00, y=0.00, z=2.00, Rot=-1
Trot: leg=0, phase=0
Trot: leg=1,
Trot: leg=2, phase=0.90, x=6.00, y=0.00, z=0.00, Rot=-1
Trot: leg=3, phase=0.40, x=0.00, y=0.00, z=0.00, Rot=-1
Trot: leg=0, phase=0.91, x=5.40, y=0.00, z=0.00, Rot=-1
Trot: leg=1, phase=0.41, x=0.00, y=0.00, z=0.00, Rot=-1
Trot: leg=Trot: leg=3, phase=0.41, x=0.00, y=0.00, z=0.00, Rot=-1
Trot: leg=0, phase=x=4.80, y=0.00, z=0.00, Rot=-1
Trot: leg=1,
Trot: leg=2, phase=0.92, x=4.80, y=0.00, z=0.00, Rot=-1
Trot:Trot: leg=0, phase=0.93, x=4.20, y=0.00, z=0.00, Rot=-1
TroTrot: leg=2, phase=0.93, x=4.20, y=0.00, z=0.00, Rot=-1
Trot: leg=0, phase=0.94, x=3.60, y=0.00, z=0.00, Rot=-1
Trot: leg=1, phase=0.44, x=0.00, y=0.00, z=0.00, Rot=-1
Trot: leg=2, phase=0.94, x=3.60, y=0.00, z=0.00, Rot=-1
Trot: leg=0, phase=0.95, x=3.00, y=0.00, z=0.00, Rot=-1
Trot: leg=1, phase=0.45, x=0.00, y=0.00, z=0.00, Rot=-1
Trot: leg=2, phase=0.95, x=3.00, y=0.00, z=0.00, Rot=-1
Trot: leg=
Trot: leg=0, phase=0
Trot: leg=1, phase=0.46, x=0.00, y=0.00, z=0.00, Rot=-1
, x=2.40, y=0.00, z=0.00, Rot=-1
Trot:TroTrot:t=-1
Trot: leg=0, phase=0
Trot: leg=1, phase=0.48, x=0.00, y=0.00, z=0.00, Rot=-1
Trot: leg=2, phase=0.98, x=1.20, y=0.00, z=0.00, Rot=-1
Trot: leg=3, phase=0.48, x=0.00, y=0.00, z=0.00, Rot=-1
TroTrot: leg=1, phase=0.49, x=0.00, y=0.00, z=0.00, Rot=-1
Trot: leg=2, phase=0.99, x=0.60, y=0.00, z=0.00, Rot=-1
ot=-1
Trot: leg=0, phase=0.00, x=0.00, y=0.00, z=0.00, Rot=-1
Trot: leg=1, phase=0.50, x=0.00, y=0.00, z=0.00, Rot=-1
Trot: Trot: leg=3, phase=0.50, x=0.00, y=0.00, z=0.00, Rot=-1
Trot Walk End
Trot Walk Start
SetFootBase: leg=0, x=40.00, y=110.00, z=-80.00
SetFootBase: leg=1, x=-80.00, y=110.00, z=-80.00
SetFootBasSetFootBase: leg=3, x=60.00, y=-110.00, z=-80.00
Trot: leg=0, phase=0.00, x=0.00, y=0.00, z=0.00, Rot=-1
Trot: leg=1, phase=0.50, x=0.00, y=0.00, z=0.00, Rot=-1
Trot: leg=2, phase=0.00, x=0.00, y=0.00, z=0.00, Rot=-1
TrotTrot: leg=0, phase=0.00, x
se=0.50, x=0.00, y=0.00, z=0.00, Rot=-1
Trot: leg=Trot: leg=3,
Trot: leg=0, phase=0
Trot: leg=10.00, Rot=-1
Trot: leg=2, phase=0.01, x=0.00, y=0.00, z=2.00, Rot=-1
Trot: leg=3, phase=0.51, x=-0.60, y=0.00, z=0.00, Rot=-1
Trot: leg=0, phase=0.02, x=0.00, y=0.00, z=4.00, Rot=-1
Trot: leg=1, phase=0.52, x=-1.20, y=0.00, z=0.00, Rot=-1
 phase=0.02, x=0.00, y=0.00, z=4.00, Rot=-1
Trot: leg=3, phase=0.52, x=-1.20, y=0.00, z=0.00, Rot=-1
Trot: leg=0, phase=0.03, x
0, z=6.00, Rot=-1
Trot: leg=3, phase=0.53, x=-1.80, y=0.00, z=0.00, Rot=-1
Trot: leg=1, phase=0.54, x=-2.40, y=0.00, z=0.00, Rot=-1
Trot: leg=2, phase=0.04, x=0.00, y=0.00, z=8.00, Rot=-1
Trot: leg=3, phase=0.54, x=-2.40, y=0.00, z=0.00, Rot=-1
Trot: Trot: leg=Trot: leg=3, phase=0.55, x=-3.00, y=0.00, z=0.00, Rot=-1
TroTrotTrot:1
Trot: leg=2, phase=0.07, x=0.00, y=0.00, z=14.00, Rot=-1
Trot: leg=3, phase=0.57, x=-4.20, y=0.00, z=0.00, Rot=-1
Trot: leg=0, p08, x=0.00, y=0.00, z=16.00, Rot=-1
Trot: leg=2, phase=0.08, x=0.00, y=0.00, z=16.00, Rot=-1
Trot: leg=3, phase=0.58, x=-4.80, y=0.00, z=0.00, Rot=-1
Trot: leg=0, p.00, Rot=-1
Trot: leg=1, phase=0.59, x=-5.40, y=0.00, z=0.00, Rot=-1
Trot: leg=2, phase=0.09, x=0.00, y=0.00, z=18.00, Rot=-1
Trot: leg=3, phase=0.59, x=-5.40, y=0.00, z=0.00, Rot=-1
, phase=0.60, x=-6.00, y=0.00, z=0.00, Rot=-1
Trot: leg=3, phase=0.60, x=-6.00, y=0.00, z=0.00, Rot=-1
Trot: leg=0, phase=0
=0.00, z=0.00, Rot=-1
Trot: leg=2, phase=0.11, x=1.50, y=0.00, z=20.00, Rot=-1
Trot: leg=3, phase=0.61, x=-6.60, y=0.00, z=0.00, Rot=-1
Trot: leg=Trot: leg=2, phase=0.12, x=3.00, y=0.00, z=20.00, Rot=-1
Trot: leg=3, phase=0.62, x=-7.20, y=0.00, z=0.00, Rot=-1
Trot: leg=2, phase=0.13, x=4.50, y=0.00, z=20.00, Rot=-1
Trot: leg=3, phase=0.63, x=-7.80, y=0.00, z=0.00, Rot=-1
Trot: leg=0, phase=0.14, x
Trot: leg=1, phase=0.64, x=-8.40, y=0.00, z=0.00, Rot=-1
 Rot=-1
Trot: leg=3, phase=0.
Trot: leg=1, phase=0.65
Trot: leg=2, phase=0.15, x=7.50, y=0.00, z=20.00, Rot=-1
Trot: leg=3, phase=0.65, x=-9.00, y=0.00, z=0.00, Rot=-1
Trot: leg=0, phase=0
Trot: leg=1, phase=0.66, x=-9.60, y=0.00, z=0.00, Rot=-1
Trot: lTrot: leg=3, phase=0.66, x=-9.60, y=0.00, z=0.00, Rot=-1
Trot: leg=0, phase=0.17, x
Trot: leg=2, phase=0.17, x=10.50, y=0.00, z=20.00, Rot=-1
Trot: leg=0, phase=0.18, x=12.00, y=0.00, z=20.00, Rot=-1
Trot: leg=1, phase=0.68, x=-10.80, y=0.00, z=0.00, Rot=-1
Trot: leg=2, phase=0.18, x=12.00, y=0.00, z=20.00, Rot=-1
Trot: leg=0, phase=0.19, x=13.50, y=0.00, z=20.00, Rot=-1
Trot: leg=1, phase=0.69, x=-11.40, y=0.00, z=0.00, Rot=-1
Trot: leg=2, phase=0.19, x=13.50, y=0.00, z=20.00, Rot=-1
Trot: leg=3, phase=0.69, x=-11.40, y=0.00, z=0.00, Rot=-1
Trot: leg=0, ph z=20.00, Rot=-1
Trot: leg=2, phase=0.20, x=15.00, y=0.00, z=20.00, Rot=-1
Trot: leg=3, phase=0.70, x=-12.00, y=0.00, z=0.00, Rot=-1
Trot: leg=0, phase
Trot: leg=1, phase=0.71, x=-12.60, y=0.00, z=0.00, Rot=-1
Trot: leg=3, phase=0.71, x=-12.60, y=0.00, z=0.00, Rot=-1
Trot: leg=0, phase=0
Trot: leg=1, ph2, x=-13.20, y=0.00, z=0.00, Rot=-1
Trot: leg=2, phase=0.22, x=18.00, y=0.00, z=20.00, Rot=-1
Trot: leg=3, phase=0.72, x=-13.20, y=0.00, z=0.00, Rot=-1
Trot: leg=0, phase=0
 z=0.00, Rot=-1
Trot: leg=3, phase=0.73, x=-13.80, y=0.00, z=0.00, Rot=-1
Trot: leg=1, phase=0.74, x=-14.40, y=0.00, z=0.00, Rot=-1
Trot: leg=2, phase=0.24, x=21.00, y=0.00, z=20.00, Rot=-1
Trot: leg=3, phase=0.74, x=-14.40, y=0.00, z=0.00, Rot=-1
Trot: leg=0, phase=0.25, x
Trot: leg=2, phase=0.25, x=22.50, y=0.00, z=20.00, Rot=-1
Trot: leg=3, phase=0.75, x=-15.00, y=0.00, z=0.00, Rot=-1
Trot: leg=0, phase=0.26, x
=20.00, Rot=-1
Trot: leg=3, phase=0.76, x=-1
Trot: leg=0, phase=0.27, x
Trot: leg=2, phase=0.27, x=25.50, y=0.00, z=20.00, Rot=-1
: leg=3, phase=0.77, x=-16.20, y=0.00, z=0.00, Rot=-1
Trot: leg=0, phase=0.
Trot: leg=1, phase=0.78, x=-16.80, y=0.00, z=0.00, Rot=-1
Trot: leg=2, phase=0.28, x=27.00, y=0.00, z=20.00, Rot=-1
Trot: leg=3, phase=0.78, x=-16.80, y=0.00, z=0.00, Rot=-1
Trot: leg=0, phase=0.29, x=28.50, y=0.00, z=20.00, Rot=-1
Trot: leg=1, phase=0.79, x=-17.40, y=0.00, z=0.00, Rot=-1
Trot: leg=2, phase=0.29, x=28.50, y=0.00, z=20.00, Rot=-1
Trot: leg=3, phase=0.79, x=-17.40, y=0.00, z=0.00, Rot=-1
Trot: leg=0, phase=0
TrotTrot: leg=2, phase=0.30, x=30.00, y=0.00, z=20.00, Rot=-1
Trot leg=0, phase=0.31, x=30.00, y=0.00, z=18.00, Rot=-1
Trot: leg=Trot: leg=2, phase=0.31, x=30.00, y=0.00, z=18.00, Rot=-1
Trot: leg=3, phase=0.81, x=-18.60, y=0.00, z=0.00, Rot=-1
Trot: leg=0, phase=0x=30.00, y=0.00, z=16.00, Rot=-1
Trot: leg=1, phas
Trot: legTrot: leg=3, phase=0.82
Trot: leg=0, phase=0.33, x=30.00, y=0.00, z=14.00, Rot=-1
Trot: leg=2, phase=0.33, x=30.00, y=0.00, z=14.00, Rot=-1
Trot: leg=3, phase=0.83, x=-19.80, y=0.00, z=0.00, Rot=-1
Trot: leg=1, phase=0.84, x=-20.40, y=0.00, z=0.00, Rot=-1
Trot: leg=2, phase=0.34, x=30.00, y=0.00, z=12.
Trot: leg=3, phase=0.84, x=-20.40, y=0.00, z=0.00, Rot=-1
Trot: leg=0, phase=0.35, x=30.00, y=0.00, z=10.00, Rot=-1
=-21.00, y=0.00, z=0.00, Rot=-1
Trot: leg=2, phase=0.35, x=30.00, y=0.00, z=10.00, Rot=-1
Trot: leg=3, phase=0.85, x=-21.00, y=0.00, z=0.00, Rot=-1
TroTrot: leg=1, phase=0.86, x=-21.60, y=0.00, z=0.00, Rot=-1
Trot: leg=Trot: leg=Trot: leg=Trot: leg=2, phase=0.37, x=30.00, y=0.00, z=6.00, Rot=-1
Trot: leg=3, phase=0.87, x=-22.20, y=0.00, z=0.00, Rot=-1
Trot: leg=0, phase=0.38, x
Trot: leg=1, phase=0.88, x=-22.80, y=0.00, z=0.00, Rot=-1
, y=0.00, z=4.00, Rot=-1
Trot: leg=3, phase=0.88, x=-22.80, y=0.00, z=0.00, Rot=-1
Trot: leg=0, phase=0.39, x=30.00, y=0.00, z=2.00, Rot=-1
Trot: leg=2, -1
Trot: leg=3, phase=0.89, x=-23.40, y=0.00, z=0.00, Rot=-1
Trot: leg=0, phase=0.40, x=30.00, y=0.00, z=0.00, Rot=-1
Trot: leg=1, p
=0.90, x=-24.00, y=0.00, z=0.00, Rot=-1
Trot: leg=0, phase=0
TrotTrot: leg=2, phase=0.41, x=30.00, y=0.00, z=0.00, Rot=-1
Trot: leg=3, phase=0.91, x=-24.60, y=0.00, z=0.00, Rot=-1
Trot: leg=0, phase=0.42, x=30.00, y=0.00, z=0.00, Rot=-1
Trot: leg=2, phase=0.42, x=30.00, y=0.00, z=0.00, Rot=-1
Trot: leg=3, phase=0.92, x=-25.20, y=0.00, z=0.00, Rot=-1
Trot: leg=0, phase=0.43, x=30.00, y=0.00, z=0.00, Rot=-1
TTrot: leg=0, px=30.00, y=0.00, z=0.00, Rot=-1
Trot: legTrot: leg=3, phase=0.94, x=-26.40, y=0.00, z=0.00, Rot=-1
Trot: leg=0, phase=0.45, x=30.00, y=0.00, z=0.00, Rot=-1
TTrot: leg=2, phase=0.
Trot: leg=3, phase=0.95, x=-27.00, y=0.00, z=0.00, Rot=-1
Trot: leg=0, phase=0.46, x=30.00, y=0.00, z=0.00, Rot=-1
Trot: leg=1, phase=0.96, x=-27.60, y=0.00, z=0.00, Rot=-1
Trot: leg=2, phase=0.46, x=30.00, y=0.00, z=0.00, Rot=-1
Trot: leg=3, phase=0.96, x=-27.60, y=0.00, z=0.00, Rot=-1
Trot: leg=0, phase=0.47, x
, y=0.00, z=0.00, Rot=-1
Trot: leg=3, phase=0.97, x=-28.20, y=0.00, z=0.00, Rot=-1
Trot: leg=
Trot: leg=1, phase=0.98, x=-28.80, y=0.00, z=0.00, Rot=-1
Trot: leg=2, phase=0.48, x=30.00, y=0.00, z=0.00, Rot=-1
Trot: leg=3, phase=0.
TroTrot:=0.49, x=30.00, y=0.00, z=0.00, Rot=-1
Trot: leg=0, phase=0.50, x
Trot: leg=1, phase=0.00, x=-30.00, y=0.00, z=0.00, Rot=-1
Trot: leg=2, phase=0.50, x=30.00, y=0.00, z=0.00, Rot=-1
TTrot: leg=0, phase=0.51, x
Trot: leg=1, 
Trot: leg=3, phase=0.01, x=-30.00, y=0.00, z=2.00, Rot=-1
Trot: leg=0, phase=0
Trot: leg=2, phase=0.52,
Trot: leg=3, phase=0.02, x=-30.00, y=0.00, z=4.00, Rot=-1
Trot: leg=0, phase=0
Trot: leg=1, phase=0.03, x=-30.00, y=0.00, z=6.00, Rot=-1
Trot: leg=2, phase=0.
0, Rot=-1
Trot: leg=0, phase=0.54, x
Trot: leg=1, phase=0.04, x=-30.00, y=0.00, z=8.00, Rot=-1
Trot: leg=2, phase=0.54, x=27.60, y=0.00, z=0.00, Rot=-1
Trot: leg=3,
, phase=0.55, x=27.00, y=0.00, z=0.00, Rot=-1
TTroTrot: leg=3, phase=0.05, x=-30.00, y=0.00, z=10.00, Rot=-1
Trot: leg=0, phase=0.56, x=26.40, y=0.00, z=0.00, Rot=-1
TroTrot: leg=3, phase=0.06, x=-30.00, y=0.00, z=12.00, Rot=-1
Trot: leg=0, pot=-1
Trot: leg=1, phase=0.07, x=-30.00, y=0.00, z=14.00, Rot=-1
Trot: leg=2, phase=0.57, x=25.80, y=0.00, z=0.00, Rot=-1
Trot: leg=3, phase=0.07, x=-30.00, y=0.00, z=14.00, Rot=-1
Trot: leg=0, phase=0.58, x=25.20, y=0.00, z=0.00, Rot=-1
Trot: leg=1, phase=0.08, x=-30.00, y=0.00, z=16.00, Rot=-1
Trot: leg=2, phase=0.58, x=25.20, y=0.00, z=0.00, Rot=-1
Trot: leg=3, phase=0.08, x=-30.00, y=0.00, z=16.00, Rot=-1
Trot: leg=0, phase=0
, y=0.00, z=18.00, Rot=-1
Trot: leg=2, phase=0.59, x=24.60, y=0.00, z=0.00, Rot=-1
TroTrot: leg=0, phase=0
ot=-1
Trot: leg=2, phase=0.60, x=24.00, y=0.00, z=0.00, Rot=-1
TrTrot: leg=0, phase=0.61, x
Trot: leg=1, phase=0.11, x=-28.50, y=0.00, z=20.00, Rot=-1
Trot: leg=2, phase=0.61, x=23.40, y=0.00, z=0.00, Rot=-1
Trot: leg=3, phase=0.1
Trot: leg=0, phase=0
Trot: leg=1, phase=0.12, x=-27.00, y=0.00, z=20.00, Rot=-1
Trot: leg=2, phase=0.62, x=22.80, y=0.00, z=0.00, Rot=-1
Trot: leg=0, phase=0.63, x=22.20, y=0.00, z=0.00, Rot=-1
Trot: leg=1, phase=0.13, x=-25.50, y=0.00, z=20.00, Rot=-1
Trot: leg=2, phase=0.63, x=22.20, y=0.00, z=0.00, Rot=-1
Trot: leg=3, phase=0.13, x=-25.50, y=0.00, z=20.00, Rot=-1
Trot: leg=0, phase=0.64, x=21.60, y=0.00, z=0.00, Rot=-1
Trot: leg=1, phase=0.14, x=-24.00, y=0.00, z=20.00, Rot=-1
Trot: leg=2, phase=0.64, x=21.60, y=0.00, z=0.00, Rot=-1
Trot: leg=3, phase=0.14, x=-24.00, y=0.00, z=20.00, Rot=-1
Trot: leg=0, phase=0.65, x=21.00, 
Trot: leg=2, phase=0.65, x=21.00, y=0.00, z=0.00, Rot=-1
Troty=0.00, z=20.00, Rot=-1
Trot: leg=0, phase=0.66, x=20.40, y=0.00, z=0.00, Rot=-1
Trot: leg=1, phase=0.16, x=-21.00, y=0.00, z=20.00, Rot=-1
Trot: legTrot: leg=3, phase=0.16, x=-21.00, y=0.00, z=20.00, Rot=-1
Trot: leg=0, phase=0
Trot: leg=1, phase=0.17, x=-19.50, y=0.00, z=20.00, Rot=-1
Trot: leg=2, phase=0.67, x=19.80, y=0.00, z=0.00, Rot=-1
TroTrotase=0.68, x=19.20, y=0.00, z=0.00, Rot=-1
Trot: leg=1, phase=0.18
Trot: leg=2, phase=0.68, x=19.20, y=0.00, z=0.00, Rot=-1
Trot: leg=3, phase=0.18, x=-18.00, y=0.00, z=20.00, Rot=-1
Trot: =0.00, z=0.00, Rot=-1
Trot: leg=1, phase=0.19, x=-16.50, y=0.00, z=20.00, Rot=-1
Trot: leg=2, phase=0.69, x=18.60, y=0.00, z=0.00, Rot=-1
Trot: leg=0, p1
Trot: lTrot: leg=2, phase=0.70, x=18.00, y=0.00, z=0.00, Rot=-1
Trot: leg=3, phase=0.20, x=-15.00, y=0.00, z=20.00, Rot=-1
Trot: leg=0, phase=0.71, x=17.40, y=0.00, z=0.00, Rot=-1
Trot: leg=1, phase=0.21, x=-13.50, y=0.00, z=20.00, Rot=-1
Trot: leg=2, phase=0.71, x=17.40, y=0.00, z=0.00, Rot=-1
Trot: leg=0, phase=0.72, x
Trot: leg=1, phase=0.22, x=-12.00, y=0.00, z=20.00, Rot=-1
Trot: leg=2, phase=0.72, x=16.80, y=0.00, z=0.00, Rot=-1
Trot:Trot: leg=0, phase=0
Trot: leg=1, phase=0.23, x=-10.50, y=0.00, z=20.00, Rot=-1
Trot: leg=Trot: leg=3, phase=0.23, x=-10.50, y=0.00, z=20.00, Rot=-1
Trot: leg=0, phase=0.74, x=15.60, y=0.00, z=0.00, Rot=-1
TroTrot: leg=2, phase=0.74, x=15.60, y=0.00, z=0.00, Rot=-1
Trot: leg=3, phase=0.24, x=-9.00, y=0.00, z=20.00, Rot=-1
Trot: leg=0, phase=0
Trot: leg=1, phase=0.25, x=-7.50, y=0.00, z=20.00, Rot=-1
Trot: leg=2, phase=0.75, x=15.00, y=0.00, z=0.00, Rot=-1
Trot: leg=3, phase=0.25, x=-7.50, y=0.00, z=20.00, Rot=-1
Trot: leg=0, phase=0.76, x
Trot: leg=Trot: leg=2, phase=0.76, x=14.40, y=0.00, z=0.00, Rot=-1
Trot: leg=3, phase=0.26, x=-6.00, y=0.00, z=20.00, Rot=-1
Trot: leg=0, phase=0.77, x=13.80, y=0.00, z=0.00, Rot=-1
Trot: leg=1, phase=0.27, x=-4.50, y=0.00, z=20.00, Rot=-1
=-4.50, y=0.00, z=20.00, Rot=-1
Trot: leg=0, phase=0
TroTrot: leg=3, phase=0.28, x=-3.00, y=0.00, z=20.00, Rot=-1
Trot: leg=0, phase=0
Trot: leg=1, phase=0.29, x=-1.50, y=0.00, z=20.00, Rot=-1
Trot: leg=2, phase=0.79, x=12.60, y=0.00, z=0.00, Rot=-1
Trot: leg=3, phase=0.29, x=-1.50, y=0.00, z=20.00, Rot=-1
Trot: leg=0, phase=0.80, x=12.00, y=0.00, z=0.00, Rot=-1
Trot: leg=1, phase=0.30, x=0.00, y=0.00, z=20.00, Rot=-1
Trot: leg=2, phase=0.80, x=12.00, y=0.00, z=0.00, Rot=-1
Trot: leg=3, phase=0.30, x=0.00, y=0.00, z=20.00, Rot=-1
=0.00, z=0.00, Rot=-1
Trot: leg=1, phase=0.31, x=0.00, y=0.00, z=18.00, Rot=-1
Trot: leg=
Trot: leg=1, phase=0.32, x=0.00, y=0.00, z=16.00, Rot=-1
Trot: leg=2, phase=0.82, x=10.80, y=0.00, z=0.00, Rot=-1
Trot: leg=0, phase=0.83, x=10.20, y=0.00, z=0.00, Rot=-1
x=0.00, y=0.00, z=14.00, Rot=-1
Trot: Trot: leg=3, phase=0.33, x=0.00, y=0.00, z=14.00, Rot=-1
Trot: leg=0, phase=0.84, x=9.60, y=0.00, z=0.00, Rot=-1
Trot: leg=1, phase=0.34, x=0.00, y=0.00, z=12.00, Rot=-1
Trot: leg=2, phase=0.
Trot: leg=3, phase=0.34, x=0.00, y=0.00, z=12.00, Rot=-1
Trot: leg=0, phase=0
Trot: leg=1, phase=0.35, x=0.00, y=0.00, z=10.00, Rot=-1
=0.85, x=9.00, y=0.00, z=0.00, Rot=-1
Trot: leg=3, phase=0.35, x=0.00, y=0.00, z=10.00, Rot=-1
Trot: leg=0, phase=0.86, x
Trot: leg=1, phase=0.36, x=0.00, y=0.00, z=8.00, Rot=-1
Trot:00, Rot=-1
Trot: leg=3, phase=0.36, x=0.00, y=0.00, z=8.00, Rot=-1
Trot: leg=0, phase=0.87, x
Trot: leg=1, phase=0.37, x=0.00, y=0.00, z=6.00, Rot=-1
Trot: leg=2, phase=0.87, x=7.80, y=0.00, z=0.00, Rot=-1
Trotse=0.37, x=0.00, y=0.00, z=6.00, Rot=-1
Trot: leg=2, phase=0.88, x=7.20, y=0.00, z=0.00, Rot=-1
.00, Rot=-1
Trot: leg=0, phase=0
Trot: leg=1,
Trot: leg=3, phase=0.39, x=0.00, y=0.00, z=2.00, Rot=-1
Trot: leg=0, phase=0.90, x=6.00, y=0.00, z=0.00, Rot=-1
Trot: leg=1, phase=0.40, x=0.00, y=0.00, z=0.00, Rot=-1
Trot: leg=2, phase=0.90, x=6.00, y=0.00, z=0.00, Rot=-1
Trot:0.00, Rot=-1
Trot: leg=1, phase=0
Trot: leg=2, phase=0.91, x=5.40, y=0.00, z=0.00, Rot=-1
Trot: leg=1, phase=0.42, x=0.00, y=0.00, z=0.00, Rot=-1
Trot: leg=2, phase=0.92, x=4.80, y=0.00, z=0.00, Rot=-1
Trot: leg=3, phase=0.42, x=0.00, y=0.00, z=0.00, Rot=-1
Trot: leg=0, phase=0
Trot: leg=1, phase=0.43, x=0.00, y=0.00, z=0.00, Rot=-1
Trot: leg=2, phase=0.93, x=4.20, y=0.00, z=0.00, Rot=-1
Trot: leg=3, phase=0.43, x=0.00, y=0.00, z=0.00, Rot=-1
Trot: leg=0, phase=0.94, x
Trot: leg=1, phase=0.44, x=0.00, y=0.00, z=0.00, Rot=-1
phase=0.94, x=3.60, y=0.00, z=0.00, Rot=-1
Trot: leg=3, phase=0.44, x=0.00, y=0.00, z=0.00, Rot=-1
Trot: leg=0, phase=0
Trot: leg=1, phase=0.45, x=0.00, y=0.00, z=0.00, Rot=-1
z=0.00, Rot=-1
Trot: leg=0, phase=0
TroTrot: leg=2, phase=0.
Trot: leg=3, phase=0.46, x=0.00, y=0.00, z=0.00, Rot=-1
Trot: leg=0, phase=0
Trot: leg=1, phase=0.47, x=0.00, y=0.00, z=0.00, Rot=-1
TTrot: leg=3, phase=0.47, x=0.00, y=0.00, z=0.00, Rot=-1
Trot: leg=0, phase=0.98, x
Trot: leg=1,
Trot: leg=2, phase=0.98, x=1.20, y=0.00, z=0.00, Rot=-1
Trot:Trot: leg=0, phase=0.99, x=0.60, y=0.00, z=0.00, Rot=-1
Trot: leg=1, phase=0.49, x=0.00, y=0.00, z=0.00, Rot=-1
Trot: leg=0, ph, z=0.00, Rot=-1
Trot: leg=2, phase=0.00, x=0.00, y=0.00, z=0.00, Rot=-1
Trot: leg=3, phase=0.50, x=0.00, y=0.00, z=0.00, Rot=-1
TTrot Walk Start
SetFo00, z=-80.00
SetFootBasSetFootBase: leg=2, x=-60.00, y=-110.00, z=-80.00
SetFootBase: leg=3, x=60.00, y=-11
Trot: leg=0, phase=0.
Trot: leg=1, phase==0.00, z=0.00, Rot=-1
Trot: leg=Trot: leg=3, phase=0.50, x=0.00, y=0.00, z=0.00, Rot=-1
Trot: leg=0, phase=0.00, x
Trot: leg=2, phase=0.00, x=0.00, y=0.00, z=0.00, Rot=-1
Trot: leg=0, phase=0.01, x=0.00, y=0.00, z=2.00, Rot=-1
Trot: leg=1, phase=0.51, x=-0.60, y=0.00, z=0.00, Rot=-1
Trot: y=0.00, z=2.00, Rot=-1
TTrot: leg=0, phase=0.02, x=0.00, y=0.00, z=4.00, Rot=-1
TrotTrot: leg=2, phase=0.
Trot: leg=3, phase=0.52, x=-1.20, y=0.00, z=0.00, Rot=-1
Trot: leg=0, phase=0.03, x
Trot: leg=3, phase=0.53, x=-1.80, y=0.00, z=0.00, Rot=-1
Trot: leg=0, phase=0.04, x=0.00, y=0.00, z=8.00, Rot=-1
Trot: leg=-1
Trot: leg=0, phase=0.05, x=0.00, y=0.00, z=10.00, Rot=-1
Trot: leg=1, phase=0.55, x=-3.00, y=0.00, z=0.00, Rot=-1
Trot: leg=2, phase=0.05, x=0.00, y=0.00, z=10.00, Rot=-1
Trot: leg=3, phase=0.55, x=-3.00, y=0.00, z=0.00, Rot=-1
Trot: leg=0, phase=0.06, x=0.00, y=0.00, z=12.00, Rot=-1
Trot: leg=1, phase=0.56, x=-3.60, y=0.00, z=0.00, Rot=-1
Trot: leg=2, phase=0.06, x=0.00, y=0.00, z=12.00, Rot=-1
Trot: leTrot: leg=0, phase=14.00, Rot=-1
Trot: leg=2, phase=0.07, x=0.00, y=0.00, z=14.00, Rot=-1
Trot: leg=3, phase=
Trot: leg=0, phase=0.08, x=0.00, y=0.00, z=16.00, Rot=-1
Trot: leg=1, phase=0.58, x=-4.80, y=0.00, z=0.00, Rot=-1
Trot: leg=2, phase=0.
Trot: leg=Trot: leg=0, phase=0.09, x=0.00, y=0.00, z=18.00, Rot=-1
 y=0.00, z=0.00, Rot=-1
Trot: legTrot: leg=Tro
Trot: leg=3, phase=0.60, x=-6.00, y=0.00, z=0.00, Rot=-1
Trot: leg=0, phase=0.11, x=1.50, y=0.00, z=20.00, Rot=-1
Trot: leg=1, phase=0.
, x=1.50, y=0.00, z=20.00, Rot=-1
Trot: leg=3, phase=0.61, x=-6.60, y=0.00, z=0.00, Rot=-1
Trot: leg=0, phase=0.12, x=3.00, y=0.00, z=20.00, Rot=-1
Trot: leg=1, phas
Trot: leg=2, phase=0.12, x=3.00, y=0.00, z=20.00, Rot=-1
Trot: leg=Trot: leg=0, phase=0.13, x=4.50, y=0.00, z=20.00, Rot=-1
Trot: leg=1, phas
Trot: leg=2, phase=0.13, x=4.50, y=0.00, z=20.00, Rot=-1
Trot: leg=3, phase=0.63, x=-7.80, y=0.00, z=0.00, Rot=-1
Trot: leg=0, phase=0.14, x=6.00, y=0.00, z=20.00, Rot=-1
Trot: leg=Trot: leg=3, phase=0.64, x=-8.40, y=0.00, z=0.00, Rot=-1
Trot: leg=0, phase=0.15, x=7.50, y=0.00, z=20.00, Rot=-1
Trot: leg=1, ph
Trot: leg=3, phase=0.65, x=-9.00, y=0.00, z=0.00, Rot=-1
Trot: leg=0, phase=0.16, x=9.00, y=0.00, z=20.00, Rot=-1
Trot: leg=1, phase=0.66, x=-9.60, y=0.00, z=0.00, Rot=-1
TroTrot: leg=3, phase=0.66, x=-9.60, y=0.00, z=0.00, Rot=-1
Trot: leg=0, phase=0.17, x=10.50, y=0.00, z=20.00, Rot=-1
Trot: leg=2, phase=0.17, x=10.50, y=0.00, z=20.00, Rot=-1
Trot: leg=3, phase=0.67, x=-10.20, y=0.00, z=0.00, Rot=-1
Trot: leg=0, phase=0.18, x=12.00, y=0.00, z=20.00, Rot=-1
Trot: leg=1, phase=0.68, x=-10.80, y=0.00, z=0.00, Rot=-1
Trot: leg=2, phase=0.18, x=12.00, y=0.00, z=20.00, Rot=-1
Trot: leg=3, phase=0.68, x=-10.80, y=0.00, z=0.00, Rot=-1
Trot: leg=0, phase=0.19, x=13.50, y=0.00, z=20.00, Rot=-1
Trot: leg=1, phase=0.69, x=-11.40, y=0.00, z=0.00, Rot=-1
Trot: leg=2, phase=0.19, x=13.50, y=0.00, z=20.0
Trot: leg=Trot: leg=0, phase=0.20, x=15.00, y=0.00, z=20.00, Rot=-1
Trot: leg12.00, y=0.00, z=0.00, Rot=-1
Trot: leg=2, phase=0.20, x=15.00, y=0.00, z=20.00, Rot=-1
Trot: leTroTrot: leg=1, phase=0.71, x=-12.60, y=0.00, z=0.00, Rot=-1
Trot: leg=3, phase=0.71, x=-12.60, y=0.00, z=0.00, Rot=-1
Trot: leg=0, phase=0.22, x=18.00, y=0.00, z=20.00, Rot=-1
Trot: leg=1, phase=0.72, x=-13.20, y=0.00, z=0.00, Rot=-1
Trot: leg=2, phase=0.22, x=18.00, y=0.00, z=20.00, Rot=-1
Trot: leg=3, phase=0.72, x=-13.20, y=0.00, z=0.00, Rot=-1
Trot: leg=0, phase=0.23, x=19.50, y=0.00, z=20.00, Rot=-1
TrotTrot: leg=2, phase=0.23, x=19.50, y=0.00, z=20.00, Rot=-1
Trot: leg=3, phase=0.
Trot: leg=0, phase=0.24, x=21.00, y=0.00, z=20.00, Rot=-1
Trot: leg, Rot=-1
Trot: leg=Trot: leg=0, phase=0.25, x=22.50, y=0.00, z=20.00, Rot=-1
Trot: leg=1, phase=0.75, x=-15.00, y=0.00, z=0.00, Rot=-1
Trot: leg=3, phase=0.75, x=-15.00, y=0.00, z=0.00, Rot=-1
Trot: leg=0, phase=0.26, x=24.00, y=0.00, z=20.00, Rot=-1
Trot: leTrot: leg=2, phase=0.26, x=24.00, y=0.00, z=20.00, RotTro.60, y=0.00, z=0.00, Rot=-1
Trot: leg=0, phase=0.27, x=25.50, y=0.00, z=20.00, Rot=-1
Trot: leg=1, phase=0.77, x=-16.20, y=0.00, z=0.00, Rot=-1
Trot: leg=2, phase=0.27Trot: leg=3, phase=0.77, x=-16.20, y=0.00, z=0.00, Rot=-1
Trot: leg=0, phase=0
Trot: leg=1, phase=0.78, x=-16.80, y=0.00, z=0.00, Rot=-1
Trot: legTrot: leg=3, phase=0.78, x=-16.80, y=0.00, z=0.00, Rot=-1
Trot: leg=0, phase=0.29, x=28.50, y=0.00, z=20.00, Rot=-1
Trot: leg=Trot: leg=3, phase=0.79, x=-17.40, y=0.00, z=0.00, Rot=-1
Trot: leg=0, phase=0.30, x=30.00, y=0.00, z=20.00, Rot=-1
Trot: leg=2, phase=0.30, x=30.00, y=0.00, z=20.00, Rot=-1
Trot: leg=3, phase=0.
Trot: leg=0, phase=0.31, x=30.00, y=0.00, z=18.00, Rot=-1
Trot: leg=1, phase=0.81, x=-18.60, y=0.00, z=0.00, Rot=-1
Trot: leg=2, phase=0.31, x=30.00, y=0.00, z=18.00, Rot=-1
Trot: leg=3, phase=0.81, x=-18.60, y=0.00, z=0.00, Rot=-1
Trot: leg=0, phase=0.32, x=30.00, y=0.00, z=16.00, Rot=-1
Trot: leg=1, phase=0.82, x=-19.20, y=0.00, z=0.00, Rot=-1
Trot: leg=3, phase=0.82, x=-19.20, y=0.00, z=0.00, Rot=-1
Trot: leg=0, phase=0.33, x=30.00, y=0.00, z=14.00, Rot=-1
Trot: leg=1, phase=00, y=0.00, z=0.00, Rot=-1
Trot: leg=2, phase=0.33, x=30.00, y=0.00, z=14.00, Rot=-1
Trot: leg=3, phase=0.
Trot: leg=0, phase=0.34, x=30.00, y=0.00, z=12.00, Rot=-1
Trot: leg=1, phase=0.84, x=-20.40, y=0.00, z=0.00, Rot=-1
Trot: leg=Trot: leg=3, phase=0.84, x=-20.40, y=0.00, z=0.00, Rot=-1
Trot: leg=1, Trot: leg=2, phase=0.35, x=30.00, y=0.00, z=10.00, Rot=-1
Trot: leg=3, phase=0.85, x=-21.00, y=0.00, z=0.00, Rot=-1
Trot: leg=0, phase=0.36, x
Ty=0.00, z=8.00, Rot=-1
Trot: leg=Trot: leg=0, phase=0.37, x=30.00, y=0.00, z=6.00, Rot=-1
Trot: leg=1, phase=0.87, x=-22.20, y=0.00, z=0.00, Rot=-1
Trot: leg=2, phase=0.37, x=30.00, y=0.00, z=6.00, Rot=-1
Trot: leg=0, phase=0.38, x=30.00, y=0.00, z=4.00, Rot=-1
Trot: legTrot: leg=Tr.88, x=-22.80, y=0.00, z=0.00, Rot=-1
Trot: leg=0, phase=0.39, x=30.00, y=0.00, z=2.00, Rot=-1
TrotTrot: z=0.00, Rot=-1
Trot: leg=0, phase=0.40, x
Trot: leg=1, p
Trot: leg=2, phase=0.40, x=30.00, y=0.00, z=0.00, Rot=-1
Trot: leg=0, phase=0.41, x=30.00, y=0.00, z=0.00, Rot=-1
TrotTrot: leg=3, phase=0.91, x=-24.60, y=0.00, z=0.00, Rot=-1
Trot: leg=0, phase=0.42, x=30.00, y=0.00, z=0.00, Rot=-1
Trot: leg=2, phase=0.42, x=30.00, y=0.00, z=0.00, Rot=-1
Trot: leg=3, phase=0.92, x=-25.20, y=0.00, z=0.00, Rot=-1
Trot: leg=0, phase=0.43, x=30.00, y=0.00, z=0.00, Rot=-1
Trot: leg=1, phase=0.93, x=-25.80, y=0.00, z=0.00, Rot=-1
Trot: leg=Trot: leg=1, phase=0.94, x=-26.40, y=0.00, z=0.00, Rot=-1
Trot: leg=0, phase=0.45, x=30.00, y=0.00, z=0.00, Rot=-1
y=0.00, z=0.00, Rot=-1
Trot: leg=2, phase=0.45, x=30.00, y=0.00, z=0.00, Rot=-1
Trot: leg=0, phase=0
Trot: leg=1, phase=0.96, x=-27.60, y=0.00, z=0.00, Rot=-1
Trot: leg=2, phase=0.46, x=30.00, y=0.00, z=0.00, Rot=-1
Trot: leg=3, phase=0.96
Trot: leg=0, phase=0.47, x
Trot: leg=1, ph
.47, x=30.00, y=0.00, z=0.00, Rot=-1
Trot: leg=3, phase=0.97, x=-28.20, y=0.00, z=0.00, Rot=-1
Trot: leg=0, phase=0.48, x=30.00, y=0.00, z=0.00, Rot=-1
Trot: legz=0.00, Rot=-1
Trot: leg=0, phase=0.49, x=30.00, y=0.00, z=0.00, Rot=-1
TrotTrot: leg=2, phase=0.49, x=30.00, y=0.00, z=0.00, Rot=-1
Trot:leg=3, phase=0.99, x=-29.40, y=0.00, z=0.00, Rot=-1
Trot: leg=0, phase=0.50, x=30.00, y=0.00, z=0.00, Rot=-1
Trot: leg=1, phase=0.00, x=-30.00, y=0.00, z=0.00, Rot=-1
TrotTrot: leg=3, phase=0.00, x=-30.00, y=0.00, z=0.00, Rot=-1
Trot: leg=0, phase=0.51, x=29.40, y=0.00, z=0.00, Rot=-1
TroTrot: leg=2, phase=0.51, x=29.40, y=0.00, z=0.00, Rot=-1
Trot: leg=3, phase=0.01, x=-30.00, y=0.00, z=2.00, Rot=-1
Trot: leg=0, phase=0.52, x=28.80, y=0.00, z=0.00, Rot=-1
Trot: leg=1, phase=0.02, x=-30.00, y=0.00, z=4.00, Rot=-1
Trot:Trot: leg=3, phase=0.02, x=-30.00, y=0.00, z=4.00, Rot=-1
phase=0.53, x=28.20, y=0.00, z=0.00, Rot=-1
Trot: leTrot: leg=2, phase=0.53, x=28.20, y=0.00, z=0.00, Rot=-1
Trot: leg=3, phase=0.03, x=-30.00, y=0.00, z=6.00, Rot=-1
Trot: leg=0, phase==0.00, z=0.00, Rot=-1
Trot: leg=1, phase=0.04, x=-30.00, y=0.00, z=8.00, Rot=-1
Trot: leg=2, phase=0.54, x=27.60, y=0.00, z=0.00, Rot=-1
Trot: leg=3, phase=0.04, x=-30.00, y=0.00, z=8.00, Rot=-1
Trot: leg=0, phase=0.55, x=27.00, y=0.00, z=0.00, Rot=-1
TroTrot: leg=2, phase=0.55, x=27.00, y=0.00, z=0.00, Rot=-1
Trot: leg=3, phase=0.05, x=-30.00, y=0.00, z=10.00, Rot=-1
Trot: leg=0, phase=0.56, x=26.40, y=0.00, z=0.00, Rot=-1
Trot: leg=1, phase=0.06, x=-30.00, y=0.00, z=12.00, Rot=-1
Trot: leg=2, phase=0.
Trot: leg=3,
Trot: leg=0, phase=0.57, x=25.80, y=0.00, z=0.00, Rot=-1
Trot: leg=1, phase=0.07, x=-30.00, y=0.00, z=14.00, Rot=-1
TrotTrot: leg=3, phase=0.07, x=-30.00, y=0.00, z=14.00, Rot=-1
Trot: leg=0, phase=0.58, x=25.20, y=0.00, z=0.00, Rot=-1
Trot: leg=1, phase=0.08, x=-30.00, y=0.00, z=16.00, Rot=-1
Trot: leg=3, phase=0.08, x=-30.00, y=0.00, z=16.00, Rot=-1
Trot: leg=0, phase=0.59, x=24.60, y=0.00, z=0.00, Rot=-1
0.59, x=24.60, y=0.00, z=0.00, Rot=-1
Trot: leg=3, phase=0.09, x=-30.00, y=0.00, z=18.00, Rot=-1
Trot: leg=0, phase=0.60, x=24.00, y=0.00, z=0.00, Rot=-1
TroTrot: leg=2, phase=0.60, x=24.00, y=0.00, z=0.00, Rot=-1
TroTrot: leg=0, phase=0.61, x=23.40, y=0.00, z=0.00, Rot=-1
Trot: leg=1, phase=0.11, x=-28.50, y=0.00, z=20.00, Rot=-1
Trot: leg=2, phase=0.61, x=23.40, y=0.00, z=0.00, Rot=-1
Trot: leg=3, phase=0.11, x=-28.50, y=0.00, z=20.00, Rot=-1
Trot: leg=0, phase=0
Trot: leg=2, phase=0.62, x=22.80, y=0.00, z=0.00, Rot=-1
Trot: leg=3, phase=0.12, x=-27.00, y=0.00, z=20.00, Rot=-1
Trot: leg=0, phase=0.63, x=22.20, y=0.00, z=0.00, Rot=-1
TroTrot: leg=2, phase=0.63, x=22.20, y=0.00, z=0.00, Rot=-1
Trot: leg=3, phase=0.13, x=-25.50, y=0.00, z=20.00, Rot=-1
Trot: leg=0, phase=0
Trot: leg=1, phase=0.14, x=-24.00, y=0.00, z=20.00, Rot=-1
Trot: leg=2, phase=0.64, x=21.60, y=0.00, z=0.00, Rot=-1
Trot: leg=3, phase=0.14, x=-24.00, y=0.00, z=20.00, Rot=-1
Trot: leg=0, phase=0.65, x=21.00, y=0.00, z=0.00, Rot=-1
Trot: leg=Trot: leg=3, phase=0.15, x=-22.50, y=0.00, z=20.00, Rot=-1
Trot: leg=0, phase=0.66, x=20.40, y=0.00, z=0.00, Rot=-1
Trot: lTrot: leg=Trot: leg=3, phase=0.16, x=-21.00, y=0.00, z=20.00, Rot=-1
Trot: leg=0, phase=0.67, x=19.80, y=0.00, z=0.00, Rot=-1
Trot: leg=1, phase=0.17, x=-19.50, y=0.00, z=20.00, Rot=-1
Trot: leg=2, phase=0.67, x=19.80, y=0.00, z=0.00, Rot=-1
Trot: leg=3, phase=0.17, x=-19.50, y=0.00, z=20.00, Rot=-1
Trot: leg=0, phase=0.68, x=19.20, y=0.00, z=0.00, Rot=-1
Trot: leg=1, phase=0.18, x=-18.00, y=0.00, z=20.00, Rot=-1
Trot: leg=3, phase=0.18, x=-18.00, y=0.00, z=20.00, Rot=-1
Trot: leg=0, phase=0.69, x=18.60, y=0.00, z=0.00, Rot=-1
Trot: leg=1, phase=0.19, x=-16.50, y=0.00, z=20.00, Rot=-1
Trot: leg=2, phase=0.69, x=18.60, y=0.00, z=0.00, Rot=-1
Trot: leg=3, phase=0.19, x=-16.50, y=0.00, z=20.00, Rot=-1
Trot: leg=0, phase=0.70, x=18.00, y=0.00, z=0.00, Rot=-1
Trot: leg=1, phase=0.20, x=-15.00, y=0.00, z=20.00, Rot=-1
Trot: leTrot: leg=3, phase=0.20, x=-15.00, y=0.00, z=20.00, Rot=-1
Trot: leg=0, phase=0.71, x=17.40, y=0.00, z=0.00, Rot=-1
Tt: leg=2, phase=0.71, x=17.40, y=0.00, z=0.00, Rot=-1
Trot: leg=
Trot: leg=0, phase=0.72, x
Trot: legTr, x=16.80, y=0.00, z=0.00, Rot=-1
Trot: leg=3, phase=0.22, x=-12.00, y=0.00, z=20.00, Rot=-1
Trot: leg=0, phase=0.73, x=16.20, y=0.00, z=0.00, Rot=-1
Trot: leg=1, phase=0.23, x=-10.50, y=0.00, z=20.00, Rot=-1
Tr=0.00, Rot=-1
Trot: leg=3, phase=0.23, x=-10.50, y=0.00, z=20.00, Rot=-1
Trot: leg=0, phase=0.74, x=15.60, y=0.00, z=0.00, Rot=-1
Trot: leg=1, phase=0.24, x=-9.00, y=0.00, z=20.00, Rot=-1
Trot: leg=2, phase=0.74, x=15.60, y=0.00, z=0.00, Rot=-1
leg=3, phase=0.24, x=-9.00, y=0.00, z=20.00, Rot=-1
Trot: leg=0, phase=0.75, x=15.00, y=0.00, z=0.00, Rot=-1
TroTrot: leg=2, phase=0.75, x=15.00, y=0.00, z=0.00, Rot=-1
7.50, y=0.00, z=20.00, Rot=-1
Trot: leg=0, phase=0.76, x
Trot: lTrot: leg=2, phase=0.76, x=14.40, y=0.00, z=0.00, Rot=-1
Trot: leg=3, phase=0.26, x=-6.00, y=0.00, z=20.00, Rot=-1
Trot: leg=0, phase=0.77, x=13.80, y=0.00, z=0.00, Rot=-1
Trot: leg=1, phase=0.27, x=-4.50, y=0.00, z=20.00, Rot=-1
Trot: leg=2, phase=0.77, x=13.80, y=0.00, z=0.00, Rot=-1
Trot: leg=3, phase=0.27, x=-4.50, y=0.00, z=20.00, Rot=-1
Trot: leg=0, phase=0.78, x=13.20, y=0.00, z=0.00, Rot=-1
TroTrot: leg=Trot: leg=3, phase=0.28, x=-3.00, y=0.00, z=20.00, Rot=-1
Trot: leg=0, phase=0.79, x=12.60, y=0.00, z=0.00, Rot=-1
Trot: leg=1, phase=0.29, x=-1.50, y=0.00, z=20.00, Rot=-1
Trot: leg=Trot: leg=3, phase=0.29, x=-1.50, y=0.00, z=20.00, Rot=-1
Trot: leg=0, phase=0.80, x=
Trot: leg=1, phase=0.30, x=0.00, y=0.00, z=20.00, Rot=-1
Trot: leg=2, phase=0.80, x=12.00, y=0.00, z=0.00, Rot=-1
Trot: leg=3, phase=0.30, x=0.00, y=0.00, z=20.00, Rot=-1
Trot: leg=0, phase=0.81, x=11.40, y=0.00, z=0.00, Rot=-1
Trot: leg=1, phase=0.31, x=0.00, y=0.00, z=18.00, Rot=-1
Trot: leg=2, phase=0.81, x=11.40, y=0.00, z=0.00, Rot=-1
Trot: leg=3, phase=0.31, x=0.00, y=0.00, z=18.00, Rot=-1
Trot: leg=0, phase=0.82, x=10.80, y=0.00, z=0.00, Rot=-1
Trot: leg=1, phase=0.32, x=0.00, y=0.00, z=16.00, Rot=-1
Trot: leg=2, phase=0.82, x=10.80, y=0.00, z=0.00, Rot=-1
Trot: leg=3, phase=0.32, x=0.00, y=0.00, z=16.00, Rot=-1
Trot: leg=0, phase=0.83, x=10.20, y=0.00, z=0.00, Rot=-1
Trot: leg=1, phase=0.33, x=0.00, y=0.00, z=14.00, Rot=-1
phase=0.83, x=10.20, y=0.00, z=0.00, Rot=-1
Trot: leg=3, phase=0.33, x=0.00, y=0.00, z=14.00, Rot=-1
Trot: leg=0, phase=0.84, x=9.60, y=0.00, z=0.00, Rot=-1
Trot: leg=1, phase=0.34, x=0.00, y=0.00, z=12.00, Rot=-1
Trot: leg=2, phase=0.84, x=9.60, y=0.00, z=0.00, Rot=-1
Trot: leg=3, phase=0.34, x=0.00, y=0.00, z=12.00, Rot=-1
Trot: leg=0, phase=0.85, x=9.00, y=0.00, z=0.00, Rot=-1
Trot: leg=2, phase=0.85, x=9.00, y=0.00, z=0.00, Rot=-1
Trot: leg=3, phase=0.35, x=0.00, y=0.00, z=10.00, Rot=-1
Trot: leg=0, phase=0.86, x=8.40, y=0.00, z=0.00, Rot=-1
TroTrot: leg=2, phase=0.86, x=8.40, y=0.00, z=0.00, Rot=-1
=0.00, z=8.00, Rot=-1
Trot: leg=0, phase=0.87, x=7.80, y=0.00, z=0.00, Rot=-1
TrotTrot: leg=3, phase=0.37, x=0.00, y=0.00, z=6.00, Rot=-1
Trot: leg=0, phase=0.88, x=7.20, y=0.00, z=0.00, Rot=-1
Trot: leg=1, phase=0.38, x=0.00, y=0.00, z=4.00, Rot=-1
Trot: leg=2, phase=0.88, x=7.20, y=0.00, z=0.00, Rot=-1
Trot: leg=3, phase=0.38, x=0.00, y=0.00, z=4.00, Rot=-1
Trot: leg=0, phase=0.89, x=6.60, y=0.00, z=0.00, Rot=-1
Trot: leg=1, phase=0.39, x=0.00, y=0.00, z=2.00, Rot=-1
Trot: leTrot: leg=3, phase=0.39, x=0.00, y=0.00, z=2.00, Rot=-1
Trot: leg=0, phase=0.90, x
Trot: leg=1, phase=0.40, x=0.00, y=0.00, z=0.00, Rot=-1
Trot: leg=3, phase=0.40, x=0.00, y=0.00, z=0.00, Rot=-1
Trot: leg=0, phase=0.91, x=5.40, y=0.00, z=0.00, Rot=-1
 y=0.00, z=0.00, Rot=-1
Trot: leg=2, phase=0.91, x=5.40, y=0.00, z=0.00, Rot=-1
Trot: leg=3, phase=0.41, x=0.00, y=0.00, z=0.00, Rot=-1
Trot: leg=0, phase=0.92, x=4.80, y=0.00, z=0.00, Rot=-1
Trot: leg=1, phase=0.42, x=0.00, y=0.00, z=0.00, Rot=-1
Trot: leg=2, phase=0.92, x=4.80, y=0.00, z=0.00, Rot=-1
Trot: leg=0, phase=0.93, x=4.20, y=0.00, z=0.00, Rot=-1
Trot: legTrot: leg=2, phase=0.93, x=4.20, y=0.00, z=0.00, Rot=-1
Trot: leg=3, phase=0.43, x=0.00, y=0.00, z=0.00, Rot=-1
Trot: leg=0, phase=0.
Trot: leg=1, phase=0.44, x=0.00, y=0.00, z=0.00, Rot=-1
Trot: leg=2, 
Trot: leg=3, phase=0.44, x=0.00, y=0.00, z=0.00, Rot=-1
Trot: leg=0, phase=0.95, x
Trot: leg=1, phase=0.45, x=0.00, y=0.00, z=0.00, Rot=-1
Trot: leg=2, phase=0.95, x=3.00, y=0.00, z=0.00, Rot=-1
Trot: leg=3, phase=0.45, x=0.00, y=0.00, z=0.00, Rot=-1
Trot: leg=0, phase=0.96, x=2.40, y=0.00, z=0.00, Rot=-1
TroTrot: leg=0, phase=0.97, x=1.80, y=0.00, z=0.00, Rot=-1
TroTrot: leg=2, phase=0.97, x=1.80, y=0.00, z=0.00, Rot=-1
Trot: leg=3, phase=0.47, x=0.00, y=0.00, z=0.00, Rot=-1
20, y=0.00, z=0.00, Rot=-1
Trot: leg=1, phase=0.48, x=0.00, y=0.00, z=0.00, Rot=-1
Trot: leg=2, phase=0.98, x=1.20, y=0.00, z=0.00, Rot=-1
Trot: leg=3, phase=0.48, x=0.00, y=0.00, z=0.00, Rot=-1
Trot: leg=0, phase=0.99, x=0.60, y=0.00, z=0.00, Rot=-1
Trot: leg=1, phase=0.49, x=0.00, y=0.00, z=0.00, Rot=-1
Trot: leg=2, phase=0.99, x=0.60, y=0.00, z=0.00, Rot=-1
Trot: leg=3, phase=0.49, x=0.00, y=0.00, z=0.00, Rot=-1
Trot: leg=0, phase=0.00, x=0.00, y=0.00, z=0.00, Rot=-1
.00, y=0.00, z=0.00, Rot=-1
Trot: leg=2, phase=0.
Trot: leg=3, phase=0.50, x=0.00, y=0.00, z=0.00, Rot=-1
Trot Walk End
Trot Wal
SetFootBase: leg=0, x=40.00, y=110.00, z=-80.00
SetFootBase: leg=1, x=-80.00, y=110.00, z=-80.00
SetFootBase: leg=2, x=-60.00, y=-110.00, z=-80.00
SetFootTrot: leg=0, phase=0
Trot: leg=1, phase=0.50, x=0.00, y
Trot: leg=2, phase=0.00, x=0.00, y=0.00, z=0.00, Rot=-1
Trot: leg=3, phase=0.50, x=0.00, y=0.00, z=0.00, Rot=-1
Trot: leg=0, phase=0.00, x=0.00, y=0.00, z=0.00, Rot=-1
Trot: leg=1, phase
Trot: leg=2, phase=0.00, x=0.00, y=0.00, z=0.00, Rot=-1
Trot: leg=3, phase=0.50, x=0.00, y=0.00, z=0.00, Rot=-1
Trot: leg=0, phase=0.01, x=0.00, y=0.00, z=2.00, Rot=-1
Trot: leg=1, phase=0.51, x=-0.60, y=0.00, z=0.00, Rot=-1
Trot: leg=2, phase=0.01, x=0.00, y=0.00, z=2.00, Rot=-1
Trot: leg=3, phase=0.51, x=-0.60, y=0.00, z=0.00, Rot=-1
Trot: leg=0, phase=0.02, x=0.00, y=0.00, z=4.00, Rot=-1
Trot: l0, Rot=-1
Trot: leg=0, phase=0.03, x
Trot: leg=1, phase=0.53, x=-1.80, y=0.00, z=0.00, Rot=-1
Trot: leg=3, phase=0.53, x=-1.80, y=0.00, z=0.00, Rot=-1
Trot: leg=0, phase=0.04, x=0.00, y=0.00, z=8.00, Rot=-1
Trot: leg=1, phase=0.54, x=-2.40, y=0.00, z=0.00, Rot=-1
Trot: leg=2, phase=0.04, x=0.00, y=0.00, z=8.00, Rot=-1
Trot: leg=3, phase=0.54, x=-2.40, y=0.00, z=0.00, Rot=-1
Trot: leg=0, phase=0.05, x=0.00, y=0.00, z=10.00, Rot=-1
Trot: leg=Trot: leg=2, phase=0.05, x=0.00, y=0.00, z=10.00, Rot=-1
Trot: leg=3, phase=0.55, x=-3.00, y=0.00, z=0.00, Rot=-1
Trot: leg=0, phase=0.06, x=0.00, y=0.00, z=12.00, Rot=-1
eg=1, phase=0.56, x=-3.60, y=0.00, z=0.00, Rot=-1
Trot: leg=2, phase=0.06, x=0.00, y=0.00, z=12.00, Rot=-1
Trot: leg=3, phase=0.56, x=-3.60, y=0.00, z=0.00, Rot=-1
Trot: leg=0, phase=0.07, x
0, y=0.00, z=0.00, Rot=-1
Trot: leg=2, phase=0.07, x=0.00, y=0.00, z=14.00, Rot=-1
Trot: leg=3, phase=0.57, x=-4.20, y=0.00, z=0.00, Rot=-1
Trot: leg=0, phase=0.08, x=0.00, y=0.00, z=16.00, Rot=-1
Trot: leg=1, ph1
Trot: leg=2, phase=0.08, x=0.00, y=0.00, z=16.00, Rot=-1
Trot: leg=0, phase=0.09, x=0.00, y=0.00, z=18.00, Rot=-1
Trot: leg=1, phase=0.59, x=-5.40, y=0.00, z=0.00, Rot=-1
Trot: leg=2, phase=0.09, x=0.00, y=0.00, z=18.00, Rot=-1
Trot: leg=3, phase=0.59, x=-5.40, y=0.00, z=0.00, Rot=-1
Trot: leg=0, phase=0.10, x
.00, Rot=-1
Trot: leg=3, phase=0.60, x=-6.00, y=0.00, z=0.00, Rot=-1
Trot: leg=0, phase=0.11, x=1.50, y=0.00, z=20.00, Rot=-1
Trot: leg=2, phase=0.11, x=1.50, y=0.00, z=20.00, Rot=-1
Trot:, phase=0.61, x=-6.60, y=0.00, z=0.00, Rot=-1
Trot: leg=0, phase=0.12, x=3.00, y=0.00, z=20.00, Rot=-1
Trot: leg=1, phase=0.62, x=-7.20, y=0.00, z=0.00, Rot=-1
Trot: leg=Trot: leg=3, phase=0.62, x=-7.20, y=0.00, z=0.00, Rot=-1
Trot: leg=0, phase=0.13, x=4.50, y=0.00, z=20.00, Rot=-1
Trot: leg=1, phase=0.63, x=-7.80, y=0.00, z=0.00, Rot=-1
Trot: leg=2, phase=0.13, x=4.50, y=0.00, z=20.00, Rot=-1
Trot: leg=3, phase=0.63, x=-7.80, y=0.00, z=0.00, Rot=-1
rot: leg=0, phase=0.14, x=6.00, y=0.00, z=20.00, Rot=-1
TrotTrot: leg=3, phase=0.64, x=
Trot: leg=0, phase=0.15, x=7.50, y=0.00, z=20.00, Rot=-1
Trot: leg=1, phase=0.65, x=-9.00, y=0.00, z=0.00, Rot=-1
Trot: leg=2, phase=0.15, x=7.50, y=0.00, z=20.00, Rot=-1
Trot: leg=3, phase=0.65, x=-9.00, y=0.00, z=0.00, Rot=-1
Trot: leg=0, phase=0.16, x=9.00, y=0.00, z=20.00, Rot=-1
Trot: leg=2, phase=0.16, x=9.00, y=0.00, z=20.00, Rot=-1
Trot: leg=3, phase=0.
Trot: leg=0, phase=0.17, x=10.50, y=0.00, z=20.00, Rot=-1
hase=0.67, x=-10.20, y=0.00, z=0.00, Rot=-1
Trot: leg=2, phase=0.17, x=10.50, y=0.00, zTrot: leg=3, phase=0.67, x=-10.20, y=0.00, z=0.00, Rot=-1
TroTrot: leg=1,  y=0.00, z=0.00, Rot=-1
Trot: leg=2, phase=0.18, x=12.00, y=0.00, z=20.00, Rot=-1
Trot: leg=3, phase=0.68, x=-10.80, y=0.00, z=0.00, Rot=-1
Trot: leg=0, phase=0.19, x=13.50, y=0.00, z=20.00, Rot=-1
Trot: leg=1, phase=0.69, x=-11.40, y=0.00, z=0.00, Rot=-1
Trot: leg=Trot: leg=3, phase=0.69, x=-11.40, y=0.00, z=0.00, Rot=-1
Trot: leg=0, phase=0.20, x=15.00, y=0.00, z=20.00, Rot=-1
Trot: leg=1, phase=0.70, x=-12.00, y=0.00, z=0.00, Rot=-1
Trot: leg=2, phase=0.20, x=15.00, y=0.00, z=20.00, Rot=-1
TTrot: leg=0, phase=0.21, x
Trot=0.00, z=20.00, Rot=-1
Trot: leg=1, phase=0.72, x=-13.20, y=0.00, z=0.00, Rot=-1
Trot: leg=2, phase=0.22, x=18.00, y=0.00, z=20.00, Rot=-1
Trot: leg=3, phase=0.72, x=-13.20, y=0.00, z=0.00, Rot=-1
Trot: leg=0, phase=0.23, x=19.50, y=0.00, z=20.00, Rot=-1
Trot: leg=1, phase=0.7
Trot: leg=2, phase=0.23, x=19.50, y=0.00, z=20.00, Rot=-1
Trot: leg=3, phase=0.73, x=-13.80, y=0.00, z=0.00, Rot=-1
Trot: leg=0, phase=0.24, x
TrotTrot: leg=2, phase=0.24, x=21.00, y=0.00, z=20.00, Rot=-1
=0.00, z=0.00, Rot=-1
Trot: leg=0, phase=0.25, x
Trot: leg=1, phase=0.75, x=-15.00, y=0.00, z=0.00, Rot=-1
Trot: leg=Trot: leg=3, phase=0.75, x=-15.00, y=0.00, z=0.00, Rot=-1
Trot: leg=0, phase=0.26, x=24.00, y=0.00, z=20.00, Rot=-1
Trot: leg=1, phase=0.76, x=-15.60, y=0.00, z=0.00, Rot=-1
Trot: leg=3, phase=0.76, x=-15.60, y=0.00, z=0.00, Rot=-1
Trot: leg=0, phase=0.27, x=25.50, y=0.00, z=20.00, Rot=-1
Trot:Trot: leg=2, phase=0.27, x=25.50, y=0.00, zTrot: leg=3, phase=0.77
Trot: leg=0, phase=0.00, z=20.00, Rot=-1
Trot: leg=1, phas
Trot: leg=3, phase=0.78, x=-16.80, y=0.00, z=0.00, Rot=-1
Trot: leg=0, phase=0.29, x
Trot: leg=1, phase=0.79, x=-17.40, y=0.00, z=0.00, Rot=-1
Trot: leg=2, phase=0.29, x=28.50, y=0.00, z=20.00, Rot=-1
Trot: leg=Trot: leg=0, phase=0.30, x=30.00, y=0.00, z=20.00, Rot=-1
Trot: leg=1, phase=0.80, x=-18.00, y=0.00, z=0.00, Rot=-1
Trot: leg=TTrot: leg=0, phase=0.31, x=30.00, y=0.00, z=18.00, Rot=-1
Trot: leg=1, phase=0.81, x=-18.60, y=0.00, z=0.00, Rot=-1
Trot: leg=2, phase=0.31, x=30.00, y
Trot: leg=3, phase=0.81, x=-18.60, y=0.00, z=0.00, Rot=-1
Trot: leg=0, phase=0.
Trot: leg=1, phase=0.82, x=-19.20, y=0.00, z=0.00, Rot=-1
Trot: leg=2, phase=0.32, x=30.00, y=0.00, z=16.00, Rot=-1
Trot: leg=3, phase=0.82
Trot: leg=0, phase=0.33, x=30.00, y=0.00, z=14.00, Rot=-1
Trot: leg=1, phase=0.83, x=-19.80, y=0.00, z=0.00, Rot=-1
Trot: leg=2, phase=0.33, x=30.00, y=0.00, z=14.00, Rot=-1
Trot: leg=3, phase=0.
Trot: leg=0, phase=0.34, x=30.00, y=0.00, z=12.00, Rot=-1
Trot: leg=1, phase=0.84, x=-20.40, y=0.00, z=0.00, Rot=-1
Trot:0, z=12.00, Rot=-1
TrotTrot: leg=0, phase=0.35, x=30.00, y=0.00, z=10.00, Rot=-1
Trot: leg=1, phase=0.85, x=-21.00, y=0.00, z=0.00, Rot=-1
Trot: legTrot: leg=3, phase=0.85, x=-21.00, y=0.00, z=0.00, Rot=-1
Trot: leg=0, phase=0.36, x
Trot: leg=1, phase=0.86, x=-21.60, y=0.00, z=0.00, Rot=-1
Trot: leg=3, phase=0.86, x=-21.60, y=0.00, z=0.00, Rot=-1
Trot: leg=0, phase=0.37, x=30.00, y=0.00, z=6.00, Rot=-1
Trot: leg=1, phase=0.87,
Trot:=0.00, Rot=-1
Trot: leg=0, phase=0.38, x=30.00, y=0.00, z=4.00, Rot=-1
Trot: leg=1, phase=0.88, x=-22.80, y=0.00, z=0.00, Rot=-1
Trot: leg=2, phase=0.38, x=30.00, y=0.00, z=4.00, Rot=-1
Trot: leg=3, phase=0.88, x=-22.80, y=0.00, z=0.00, Rot=-1
Trot: leg=0, phase=0.39, x=30.00, y=0.00, z=2.00, Rot=-1
Trot: leg=1, phase=0.89, x=-23.40, y=0.00, z=0.00, Rot=-1
Trot: leg=2, phase=0.39, x=30.00, y=0.00, z=2.00, Rot=-1
Trot: leg=3, phase=0.89, x=-23.40, y=0.00, z=0.00, Rot=-1
Trot: leg=0, phase=0.40, x=30.00, y=0.00, z=0.00, Rot=-1
TrotTrot: leg=3, phase=0.90, x=-24.00, y=0.00, z=0.00, Rot=-1
Trot: leg=0, pot=-1
Trot: leg=1, phase=0.91, x=-24.60, y=0.00, z=0.00, Rot=-1
Trot: leg=2, phase=0.41, x=30.00, y=0.00, z=0.00, Rot=-1
Trot: leg=3, phase=0.91, x=-24.60, y=0.00, z=0.00, Rot=-1
Trot: leg=0, phase=0.42, x=30.00, y=0.00, z=0.00, Rot=-1
Trot: leg=1, phase=0.92, x=-25.20, y=0.00, z=0.00, Rot=-1
Trot: leg=Trot: leg=1, phase=0.93, x=-25.80, y=0.00, z=0.00, Rot=-1
Trot: leg=Trot: leg=3, phase=0.93, x=-25.80, y=0.00, z=0.00, Rot=-1
Trot: leg=0, phase=0.44, x=30.00, y=0.00, z=0.00, Rot=-1
TrTrot: leg=3, phase=0.94, x=-26.40, y=0.00, z=0.00, Rot=-1
Trot: leg=0, phase=0
Trot: leg5, x=30.00, y=0.00, z=0.00, Rot=-1
Trot: legTrot: leg=0, phase=0.46, x=30.00, y=0.00, z=0.00, Rot=-1
Trot: leg=1, phase=0.96, x=-27.60, y=0.00, z=0.00, Rot=-1
Trot: leg=2, phase=0.40.00, Rot=-1
Trot: leg=3, phase=0.
TroTrot: leg=1, phase=
Trot: leg=Trot:g=3, phase=0.97, x=-28.20, y=0.00, z=0.00, Rot=-1
Trot: leg=0, phase=0.48, x=30.00, y=0.00, z=0.00, Rot=-1
Trot: leg=Trot: leg=2, phase=0.
Trot: leg=3, phase=0.98, x=-28.80, y=0.00, z=0.00, Rot=-1
Trot: leg=0, phase=0.49, x=30.00, y=0.00, z=0.00, Rot=-1
Trot: leg=Trot: leg=2, phase=0.49, x=30.00, y=0.00, z=0.00, Rot=-1
Trot: leg=3, phase=0.99, x=-29.40, y=0.00, z=0.00, Rot=-1
Trot: leg=0, phase=0.50, x=30.00, y=0.00, z=0.00, Rot=-1
Trot: leg=1, phase=0.00, x=-30.00, y=0.00, z=0.00, Rot=-1
Trot: leg=0, pase=0.51, x=29.40, y=0.00, z=0.00, Rot=-1
Trot: leg=1, phase=0.01, x=-30.00, y=0.00, z=2.00, Rot=-1
TrotTrot: leg=3, phase=0.01, x=-30.00, y=0.00, z=2.00, Rot=-1
Trot: leg=0, p.00, z=0.00, Rot=-1
Trot: leg=1,
Trot: leg=Trot: leg=0, phase=0
Trot: leg=1, phase=0.03, x=-30.00, y=0.00, z=6.00, Rot=-1
TroTro, x=-30.00, y=0.00, z=8.00, Rot=-1
Trot: leg=2, phase=0.54, x=27.60, y=0.00, z=0.00, Rot=-1
Trot: leg=3, phase=0.04, x=-30.00, y=0.00, z=8.00, Rot=-1
Trot: leg=0, phase=0.55, x=27.00, y=0.00, z=0.00, Rot=-1
Trot: leg=1, phase=0.05, x=-30.00, y=0.00, z=10.00, Rot=-1
Trot: leg=2, phase=0.55, x=27.00, y=0.00, z=0.00, Rot=-1
Trot: leg=0, phase=0.56, x=26.40, y=0.00, z=0.00, Rot=-1
Trot: leg=1, phase=0.06, x=-30.00, y=0.00, z=12.00, Rot=-1
Trot: leg=2, phase=0.56, x=26.40, y=0.00, z=0.00, Rot=-1
Trot: leg=3, phase=0.06, x=-30.00, y=0.00, z=12.00, Rot=-1
Trot: leg=1, phase=0.07, x=-30.00, y=0.00, z=14.00, Rot=-1
Trot: leg=2, phase=0.57, x=25.80, y=0.00, z=0.00, Rot=-1
Trot: leg=3, phase=0.07, x=-30.00, y=0.00, z=14.00, Rot=-1
Trot: leg=0, phase=0.58, x
Trot: leg=2, phase=0.58, x=25.20, y=0.00, z=0.00, Rot=-1
Trot: leg=3, phase=0.08, x=-30.00, y=0.00, z=16.00, Rot=-1
Trot: leg=0, phase=0.59, x=24.60, y=0.00, z=0.00, Rot=-1
Trot: leg=1, phase=0.09, x=-30.00, y=0.00, z=18.00, Rot=-1
Trot: leg=2, phase=0.59, x=24.60, y=0.00, z=0.00, Rot=-1
Trot: leg=3, phase=0.09, x=-30.00, y=0.00, z=18.00, Rot=-1
Trot: leg=0, phase=0.60, x=24.00, y=0.00, z=0.00, Rot=-1
Trot: leg=1, phase=0.10
Trot: leg=Trot: leg=3, phase=0.10, x=-30.00, y=0.00, z=20.00, Rot=-1
Trot: leg=0, phase=0.61, x=23.40, y=0.00, z=0.00, Rot=-1
Trot: leTrot: leg=.00, Rot=-1
Trot: leg=0, phase=0.62, x=22.80, y=0.00, z=0.00, Rot=-1
Trot: leg=1, phase=0.12, x=-27.00, y=0.00, z=20.00, Rot=-1
Trot: leg=TroTrot: leg=0, phase=0.63, x=22.20, y=0.00, z=0.00, Rot=-1
Trot: leg=1, phase=0.13
Trot: leg=Trot: leg=3,
Trot: leg=0, phase=0.64, x=21.60, y=0.00, z=0.00, Rot=-1
Trot: leg=1, phase=0.14, x=-24.00, y=0.00, z=20.00, Rot=-1
Trot: leg=2, phase=0.64, x=21.60, y=0.00, z=0.00, Rot=-1
Trot: leg=3, phase=0.14, x=-24.00, y=0.00, z=20.00, Rot=-1
Trot: leg=0, phase=0.65, x=21.00, y=0.00, z=0.00, Rot=-1
Trot: leTrot: leg=2, phase=0.65, x=21.00, y=0.00, z=0.00, Rot=-1
Trot: leg=3, phase=0.15, x=-22.50, y=0.00, z=20.00, Rot=-1
Trot: leg=0, phase=0.66, x=20.40, y=0.00, z=0.00, Rot=-1
Trot: leg=1, phase=0.16, x=-21.00, y=0.00, z=20.00, Rot=-1
TrotTrot: leg=3, phase=0.16, x=-21.00, y=0.00, z=20.00, Rot=-1
Trot: leg=0, phase=0.67, x=19.80, y=0.00, z=0.00, Rot=-1
Trot: leg=1, phase=0.17, x=-19.50, y=0.00, z=20.00, Rot=-1
Trot: leg=2, phase=0.67, x=19.80, y=0.00, z=0.00, Rot=-1
Trot: leg=3, phase=0.17, x=-19.50, y=0.00, z=20.00, Rot=-1
Trot: leg=0, phase=0.68, x=19.20, y=0.00, z=0.00, Rot=-1
0, Rot=-1
Trot: leg=3, phase=0.18, x=-18.00, y=0.00, z=20.00, Rot=-1
Trot: leg=0, phase=0.69, x=18.60, y=0.00, z=0.00, Rot=-1
TrotTrot: leg=2, phase=0.69, x=18.60, y=0.00, z=0.00, Rot=-1
Trot: leg=3, phase=0.19, x=-16.50, y=0.00, z=20.00, Rot=-1
Trot: leg=0, phase=0.70, x=18.00, y=0.00, z=0.00, Rot=-1
Trot: leg=1, phase=0.20, x=-15.00, y=0.00, z=20.00, Rot=-1
.00, y=0.00, z=0.00, Rot=-1
Trot: leg=3, phase=0.20, x=-15.00, y=0.00, z=20.00, Rot=-1
Trot: leg=0, phase=0.71, x=17.40, y=0.00, z=0.00, Rot=-1
Trot: leg=1, phase=0.21, x=-13.50, y=0.00, z=20.00, Rot=-1
 Rot=-1
TroTrot: leg=1, phase=0.22, x=-12.00, y=0.00, z=20.00, Rot=-1
Trot: leg=2, phase=0.72, x=16.80, y=0.00, z=0.00, Rot=-1
Trot: leg=3, phase=0.22, x=-12.00, y=0.00, z=20.00, Rot=-1
Trot: leg=0, phase=0.73, x=16.20, y=0.00, z=0.00, Rot=-1
TrTrot: leg=Trot: leg=3, phase=0.23, x=-10.50, y=0.00, z=20.00, Rot=-1
Trot: leg=0, phase=0.74, x=15.60, y=0.00, z=0.00, Rot=-1
Trot: leg=1, phase=0.24, x=-9.00, y=0.00, z=20.00, Rot=-1
Trot: leg=2, phase=0.74, x=15.60, y=0.00, z=0.00, Rot=-1
Trot: leg=3, phase=0.24, x=-9.00, y=0.00, z=20.00, Rot=-1
Trot: leg=0, phase=0.75, x=15.00, y=0.00, z=0.00, Rot=-1
Trot: leg=TrotTrot: leg=3, phase=0.25, x=-7.50, y=0.00, z=20.00, Rot=-1
ase=0.76, x=14.40, y=0.00, z=0.00, Rot=-1
Trot: leg=1, phase=0.26, x=-6.00, y=0.00, z=20.00, Rot=-1
TrTrot: leg=3, phase=0.26, x=-6.00, y=0.00, z=20.00, Rot=-1
Trot: leg=0, p.00, z=0.00, Rot=-1
Trot: leg=1, phase=0.27, x=-4.50, y=0.00, z=20.00, Rot=-1
Trot: leg=3, phase=0.27, x=-4.50, y=0.00, z=20.00, Rot=-1
Trot: leg=0, phase=0.78, x=13.20, y=0.00, z=0.00, Rot=-1
Trot: leg=1, phase=0.28, x=-3.00, y=0.00, z=20.00, Rot=-1
Trot: leg=Trot: leg=0, phase=0.79, x=12.60, y=0.00, z=0.00, Rot=-1
Trot:, x=-1.50, y=0.00, z=20.00, Rot=-1
Trot: leg=Trot: leg=3, phase=0.29, x=-1.50, y=0.00, z=20.00, Rot=-1
Trot: leg=0, phase=0.80, x=12.00, y=0.00, z=0.00, Rot=-1
Trot: leg=1, phase=0.30, x=0.00, y=0.00, z=20.00, Rot=-1
Trot: leg=
Trot: leg=3, phase=0.30, x=0.00, y=0.00, z=20.00, Rot=-1
Trot: leg=0, phase=0.81, x=11.40, y=0.00, z=0.00, Rot=-1
Trot: leg=2, phase=0.81, x=11.40, y=0.00, z=0.00, Rot=-1
Trot: leg=3, phase=0.31, x=0.00, y=0.00, z=18.00, Rot=-1
Trot: leg=0, phase=0.82, x=10.80, y=0.00, z=0.00, Rot=-1
Trot: leg=2, phase=0.82, x=10.80, y=0.00, z=0.00, Rot=-1
Trot: leg=
Trot: leg=0, phase=0.83, x=10.20, y=0.00, z=0.00, Rot=-1
Trot: leg=3, phase=0.33, x=0.00, y=0.00, z=14.00, Rot=-1
Trot: leg=0, phase=0.8
Trot: leg=1, phase=0
Trot: leg=2, phase=0.84, x=9.60, y=0.00, z=0.00, Rot=-1
Trot: leg=3, phase=0.34, x=0.00, y=0.00, z=12.00, Rot=-1
Trot: leg=0, phase=0
Trot: leg==-1
Trot: leg=0, phase=0.86, x=8.40, y=0.00, z=0.00, Rot=-1
Trot: leg=1, phase=0.36
Trot: leg=3, phase=0.36, x=0.00, y=0.00, z=8.00, Rot=-1
Trot: leg=0, phase=0.87, x=7.80, y=0.00, z=0.00, Rot=-1
Trot: leg=1, phase=0.37, x=0.00, y=0.00, z=6.00, Rot=-1
Trot: leg=Trot: leg=0, phase=0.88, x=7.20, y=0.00, z=0.00, Rot=-1
Trot: leg=1, phase=0.38, x=0.00, y=0.00, z=4.00, Rot=-1
Trot: leg=0, phase=0
9, x=0.00, y=0.00, z=2.00, Rot=-1
Trot: leg=2, phase=0.89, x=6.60, y=0.00, z=0.00, Rot=-1
Trot: leg=0, phase=0
Trot: leg=1, phase=0.40, x=0.00, y=0.00, z=0.00, Rot=-1
Trot: leg=2, phase=0.90, x=6.00, y=0.00, z=0.00, Rot=-1
Trot: leg=3, phase=0.40, x=0.00, y=0.00, z=0.00, Rot=-1
TroTrot:91, x=5.40, y=0.00, z=0.00, Rot=-1
Trot: legTrot: leg=0, phase=0.92, x=4.80, y=0.00, z=0.00, Rot=-1
Trot: leg=1, phase=0.42
TrRot=-1
Trot: leg=0, phase=0.93, x=4.20, y=0.00, z=0.00, Rot=-1
Trot: leg=1, phase=0.43, x=0.00, y=0.00, z=0.00, Rot=-1
Trot: leg=2, phase=0.93, x=4.20, y=0.00, z=0.00, Rot=-1
.43, x=0.00, y=0.00, z=0.00, Rot=-1
Trot: leg=0, phase=0.94, x=3.60, y=0.00, z=0.00, Rot=-1
Trot: leg=2, phase=0.94, x=3.60, y=0.00, z=0.00, Rot=-1
Trot: leg=3, phase=0.44, x=0.00, y=0.00, z=0.00, Rot=-1
Trot: leg=0, phase=0
TrotTrot: leg=3, phase=0.45, x=0.00, y=0.00, z=0.00, Rot=-1
0.96, x=2.40, y=0.00, z=0.00, Rot=-1
Trot: leg=1, phase=0.46, x=0.00, y=0.00, z=0.00, Rot=-1
Trot: leg=2, phase=0.96, x=2.40, y=0.00, z=0.00, Rot=-1
Trot: leg=3, phase=0.46, x=0.00, y=0.00, z=0.00, Rot=-1
, Rot=-1
Trot: leg=1, phase=0.47, x=0.00, y=0.00, z=0.00, Rot=-1
Trot: leg=2, phase=0.97, x=1.80, y=0.00, z=0.00, Rot=-1
Trot: leg=1, phase=0.48, x=0.00, y=0.00, z=0.00, Rot=-1
Trot: leg=3, phase=0.48, x=0.00, y=0.00, z=0.00, Rot=-1
Trot: leg=0, phase=0.99, x=0.60, y=0.00, z=0.00, Rot=-1
Trot: leg=1, phase=0.49, x=0.00, y=0.00, z=0.00, Rot=-1
Trot: leg=2, phase=0.99, x=0.60, y=0.00, z=0.00, Rot=-1
Trot: leg=3, phase=0.49, x=0.00, y=0.00, z=0.00, Rot=-1
Trot: leg=0, phase=0.00, x=0.00, y=0.00, z=0.00, Rot=-1
Trot: leg=1, phase=0.50, x=0.00, y=0.00, z=0.00, Rot=-1
Trot: leg=2, phe=0.00, x=0.00, y=0.00, z=0.00, Rot=-1
Trot: Trot Walk End
Trot Walk Start
SetFootBasSetFo, y=-110.00, z=-80.00
SetFootBase: leg=3, x=60.00, y=-110.00, z=-80.00
Trot: leg=0, phase=0.00, x
Trot: leg=1, phase=0.50, x=0.00, y=0.00, z=0.00, Rot=-1
TroTrot phase=0.50, x=0.00, y=0.00, z=0.00, Rot=-1
Trot: leg=0, phase=0.00, x=0.00, y=0.00, z=0.00, Rot=-1
Trot: leg=1, phase=0.50, x=0.00, y=0.00, z=0.00, Rot=-1
Trot: leg=2, phase=0.00, x=0.00, y=0.00, z=0.00, Rot=-1
 z=0.00, Rot=-1
Trot: leg=0, phase=0.01, x
TrotTrot: leg=2, phase=0.01, x=0.00, y=0.00, z=2.00, Rot=-1
Trot: leg=3, phase=0.51, x=-0.60, y=0.00, z=0.00, Rot=-1
Trot: leg=0, phase=0.02, x=0.00, y=0.00, z=4.00, Rot=-1
Trot: leg=1, phase=0.52, x=-1.20, y=0.00, z=0.00, Rot=-1
Trot: leg=2, phase=0.02, x=0.00, y=0.00, z=4.00, Rot=-1
Trot: leg=0, phase=0.03, x=0.00, y=0.00, z=6.00, Rot=-1
Trot: leg=1, phase=0.53,
Trot: leg=2, phase=0.03, x=0.00, y=0.00, z=6.00, Rot=-1
Trot: leg=3, phase=0.53, x=-1.80, y=0.00, z=0.00, Rot=-1
Trot: leg=0, phase=0
Trot: leg=1, phase=0.54, x=-2.40, y=0.00, z=0.00, Rot=-1
Trot: leg=2,
Trot: leg=3, phase=0.54, x=-2.40, y=0.00, z=0.00, Rot=-1
Trot: leg=0, phase=0.05, x=0.00, y=0.00, z=10.00, Rot=-1
Trot: leg=1, phase=0.55, x=-3.00, y=0.00, z=0.00, Rot=-1
Trot: leg=2, phase=0.05, x=0.00, y=0.00, z=10.00, Rot=-1
Trot: leg=3, phase=0.55, x=-3.00, y=0.00, z=0.00, Rot=-1
Trot: leg=0, phase=0.06, x=0.00, y=0.00, z=12.00, Rot=-1
Trot: leg=1, phase=0.56, x=-3.60, y=0.00, z=0.00, Rot=-1
Trot: legTrot: leg=3, phase=0.56, x=-3.60, y=0.00, z=0.00, Rot=-1
Trot: leg=0, phase=0.07, x=0.00, y=0.00, z=14.00, Rot=-1
Trot:0.07, x=0.00, y=0.00, z=14.00, Rot=-1
Trot: leg=3, phase=0.57, x=-4.20, y=0.00, z=0.00, Rot=-1
Trot: leg=0, phase=0
TroTrot: leg=2, phase=0.08, x=0.00, y=0.00, z=16.00, Rot=-1
Trot: leg=3, phase=0.58
Trot: leg=0, phase=0.09, x=0.00, y=0.00, z=18.00, Rot=-1
Trot: leg=2, phase=0.09, x=0.00, y=0.00, z=18.00, Rot=-1
Trot=3, phase=0.59, x=-5.40, y=0.00, z=0.00, Rot=-1
Trot: leg=0, phase=0.10, x=0.00, y=0.00, z=20.00, Rot=-1
Trot: leg=1, phase=0.60, x=-6.00, y=0.00, z=0.00, Rot=-1
Trot: leg=2, phase=0.10, x=0.00, y=0.00, z=20.00, Rot=-1
 y=0.00, z=0.00, Rot=-1
Trot: leg=0, phase=0.11, x=1.50, y=0.00, z=20.00, Rot=-1
Trot: leg=2, phase=
Trot: leg=0, phase=0.12, x=3.00, y=0.00, z=20.00, Rot=-1
Trot: leg=3, phase=0.62
Trot: leg=0, phase=0.13, x=4.50, y=0.00, z=20.00, Rot=-1
Trot: leg=Trot: leg=2, phase=0.13, x=4.50, y=0.00, z=20.00, Rot=-1
Trot: leg=0, phase=0.14, x=6.00, y=0.00, z=20.00, Rot=-1
Trot: leg=2, phase=0.14, x=6.00, y=0.00, z=20.00, Rot=-1
Trot: leg=3, ph
Trot: leg=0, phase=0
Trot: legphase=0.65, x=-9.00, y=0.00, z=0.00, Rot=-1
Trot: leg=2, phase=0.
TrotTrot: leg=0, phase=0.16, x=9.00, y=0.00, z=20.00, Rot=-1
Trot: leg=1, phas.00, z=0.00, Rot=-1
TroTrot: leg=1, phase=0.
Trot: leg=2, phase=0.17, x=10.50, y=0.00, z=20.00, Rot=-1
Trot: leg=3, phase=0.67, x=-10.20, y=0.00, z=0.00, Rot=-1
Trot: leg=0, phase=0.18, x=12.00, y=0.00, z=20.00, Rot=-1
Trot: leg=1, phase=0.68, x=-10.80, y=0.00, z=0.00, Rot=-1
Trot: l18, x=12.00, y=0.00, z=20.00, Rot=-1
Trot: leg=3, phase=0.68, x=-10.80, y=0.00, z=0.00, Rot=-1
Trot: leg=0, phase=0
Trot: leg=1, phase=0.
 z=20.00, Rot=-1
Trot: leg=3, phase=0.69, x=-11.40, y=0.00, z=0.00, Rot=-1
Trot: leg=0, phase=0.20, x=15.00, y=0.00, z=20.00, Rot=-1
Trot: leg=1, phase=0.70, x=-12.00, y=0.00, z=0.00, Rot=-1
ot: leg=3, phase=0.70, x=-12.00, y=0.00, z=0.00, Rot=-1
Trot: leg=0, phase=0
Trot: leg=1, phase=0.71, x=-12.60, y=0.00, z=0.00, Rot=-1
Trot: leg=2, phase=0.21, x=16.50, y=0.00, z=20.00, Ro
Trot: leg=3, phase=0.71, x=-12.60, y=0.00, z=0.00, Rot=-1
Trot: leg=0, phase=0
Trot: leg=2, phase=0.22, x=18.00, y=0.00, z=20.00, Rot=-1
Trot: leg=3, phase=0.72, x=-13.20, y=0.00, z=0.00, Rot=-1
Trot: leg=0, phase=0.23, x=19.50, y=0.00, z=20.00, Rot=-1
Trot: leg=1, ph
Trot: leg=2, phase=0.23, x=19.50, y=0.00, z=20.00, Rot=-1
Trot: leg=3, phase=0.73, x=-13.80, y=0.00, z=0.00, Rot=-1
Trot: leg=0, phase=0.24, x=21.00, y=0.00, z=20.00, Rot=-1
Trot: leg=1, phase=0.74, x=-14.40, y=0.00, z=0.00, Rot=-1
Trot: leg=2, phase=0.
Trot: leg=3, phase=0.
Trot: leg=0, phase=0.25, x=22.50, y=0.00, z=20.00, Rot=-1
Trot: leg=1, phase=0.75, x=-15.00, y=0.00, z=0.00, Rot=-1
Trot: leg=2, 
Trot: leg=Trot: leg=0, phase=0.26, x=24.00, y=0.00, z=20.00, Rot=-1
Trot: leg=1, ph
Trot: leg=0, phase=0.27, x=25.50, y=0.00, z=20.00, Rot=-1
: leg=1, phase=0.77, x=-16.20, y=0.00, z=0.00, Rot=-1
Trot: leg=2, phase=0.27, x=25.50, y=0.00, z=20.00, Rot=-1
TrotTrot: leg=0, phase=0
Trot: leg=1, phase=0.78, x=-16.80, y=0.00, z=0.00, Rot=-1
Trot: leg=3, phase=0.78, x=-16.80, y=0.00, z=0.00, Rot=-1
Trot: leg=1, ph=0.00, Rot=-1
Trot: leg=2, phase=0.29, x=28.50, y=0.00, z=20.00, Rot=-1
Trot: legTrot: leg=0, phase=0
Trot: leg=1, phase=0.80, x=-18.00, y=0.00, z=0.00, Rot=-1
Trot: leg=2, phase=0.30, x=30.00, y=0.00, z=20.00, Rot=-1
TrotTrot: leg=0, phase=0.31, x=30.00, y=0.00, z=18.00, Rot=-1
Trot: leg=1, phase=0.81, x=-18.60, y=0.00, z=0.00, Rot=-1
Trot: leg=2, phase=0.31, x=30.00, y=0.00, z=18.00, Rot=-1
Trot: leg=3, phase=0.81, x=-18.60, y=0.00, z=0.00, Rot=-1
Trot: leg=0, phase=0.32, x
Trot: leg=2, phase=0.32, x=30.00, y=0.00, z=16.00, Rot=-1
Trot: leg=3, phase=0.82, x=-19.20, y=0.00, z=0.00, Rot=-1
Trot: leg=0, phase=0.33, x=30.00, y=0.00, z=14.00, Rot=-1
Trot: leg=1, phase=0.83
Trot: leg=2, phase=0.33, x=30.00, y=0.00, z=14.00, Rot=-1
Trot: leg=3, phase=0.83, x=-19.80, y=0.00, z=0.00, Rot=-1
Trot: leg=0, phase=0.34, x=30.00, y=0.00, z=12.00, Rot=-1
Trot: leg=2, phase=0.34, x=30.00, y=0.00, z=12.00, Rot=-1
Trot: leg=3, phase=0.84, x=-20.40, y=0.00, z=0.00, Rot=-1
Trot: leg=0, phase=0.35, x=30.00, y=0.00, z=10.00, Rot=-1
Trot: leg=2, phase=0.35, x=30.00, y=0.00, z=10.00, Rot=-1
Trot: leg=3, phase=0.85, x=-21.00, y=0.00, z=0.00, Rot=-1
Trot: leg=1, phase=0.86, x=-21.60, y=0.00, z=0.00, Rot=-1
Trot: leg=2, phase=0.36, x=30.00, y=0.00, z=8.00, Rot=-1
Trot: leg=3, phase=0.86, x=-21.60, y=0.00, z=0.00, Rot=-1
=0, phase=0.37, x=30.00, y=0.00, z=6.00, Rot=-1
TroTrot: leg=2, phase=0.37, x=30.00, y=0.00, z=6.00, Rot=-1
Trot: leg=3, phase=0.87, x=-22.20, y=0.00, z=0.00, Rot=-1
Trot: leg=0, phase=0.38, x=30.00, y=0.00, z=4.00, Rot=-1
Trot: leg=1, phase=0.88, x=-22.80, y=0.00, z=0.00, Rot=-1
Trot: leg=3, phase=0.88,
Trot: leg=0, p=-1
TrotTrot: leg=2, phase=0.
Trot: leg=3, phase=0.89, x=-23.40, y=0.00, z=0.00, Rot=-1
Trot: leg=0, phase=0.40, x=30.00, y=0.00, z=0.00, Rot=-1
Trot: leg=1, phase=0.90, x=-24.00, y=0.00, z=0.00, Rot=-1
Trot: leg=2, phase=0.40, x=30.00, y=0.00, z=0.00, Rot=-1
Trot: leg=3, phase=0.
Trot: leg=0, phase=0.41, x=30.00, y=0.00, z=0.00, Rot=-1
Trot: leg=1, phase=0.91, x=-24.60, y=0.00, z=0.00, Rot=-1
Trot: leg=2, phase=0.41, x=30.00, y=0.00, z=0.00, Rot=-1
Trot: leg=0, phase=0.42, x=30.00, y=0.00, z=0.00, Rot=-1
ot: leg=2, phase=0.42, x=30.00, y=0.00, z=0.00, Rot=-1
Trot: leg=3, phase=0.92, x=-25.20, y=0.00, z=0.00, Rot=-1
Trot: leg=1, phase=0.93, x=-25.80, y=0.00, z=0.00, Rot=-1
Trot: leg=2, ph x=30.00, y=0.00, z=0.00, Rot=-1
Trot: leg=3, phase=0.93, x=-25.80, y=0.00, z=0.00, Rot=-1
Trot: leg=0, phase=0
Trot: leg=1, phase=0.94, x=-26.40, y=0.00, z=0.00, Rot=-1
Trot: leg=2, phase=0.44, x=30.00, y=0.00, z=0.00, Rot=-1
Trot: leg=0, phase=0.45, x=30.00, y=0.00, z=0.00, Rot=-1
Trot: leg=1, p
Trot:Trot: leg=3, phase=0.95, x=-27.00, y=0.00, z=0.00, Rot=-1
Trot: leg=0, phase=0.46, x=30.00, y=0.00, z=0.00, Rot=-1
Trot: leg=1, ph
Trot: leg=3, phase=0.96, x=-27.60, y=0.00, z=0.00, Rot=-1
Trot: leg=1, phase=0.97, x=-28.20, y=0.00, z=0.00, Rot=-1
Trot: leg=2, phase=0.47, x=30.00, y=0.00, z=0.00, Rot=-1
Trot: leg=3, ph=-1
Trot: leg=1, phase=0.98, x=-28.80, y=0.00, z=0.00, Rot=-1
TTrot: leg=3, phase=0.98, x=-28.80,
Trot: leg=0, phase=0.49, x=30.00, y=0.00, z=0.00, Rot=-1
Trot: leg=1, phase=0.99, x=-29.40, y=0.00, z=0.00, Rot=-1
Trot: leg=2, phase=0.49, x=30.00, y=0.00, z=0.00, Rot=-1
Trot: leg=3, phase=0.99, x=-29.40, y=0.00, z=0.00, Rot=-1
Trot: leg=0, phase=0.50, x=30.00, y=0.00, z=0.00, Rot=-1
Trot: leg=1, phase=0.00, x=-30.00, y=0.00, z=0.00, Rot=-1
Trot: leg=Trot: leg=3, phase=0.00, x=-30.00, y=0.00, z=0.00, Rot=-1
Trot: leg=0, phase=0
Trot: leg=1, phase=0.01, x=-30.00, y=0.00, z=2.00, Rot=-1
Trot: leg=2, phase=0.51, x=29.40, y=0.00, z=0.00, Rot=-1
Trot: leg=0, phase=0
Trot: leg=1x=-30.00, y=0.00, z=4.00, Rot=-1
Trot: leg=Trot: leg=0, phase=0.53, x=28.20, y=0.00, z=0.00, Rot=-1
Trot: leg=1, phase=0.03, x=-30.00, y=0.00, z=6.00, Rot=-1
Trot: leg=2, phase=0.53, x=28.20, y=0.00, z=0.00, Rot=-1
Trot: Trot: leg=0, phase=0.54, x=27.60, y=0.00, z=0.00, Rot=-1
Trot: leg=1, phase=0.04, x=-30.00, y=0.00, z=8.00, Rot=-1
Trot: leg=2, phase=0.54, x=27.60, y=0.00, z=0.00, Rot=-1
Trot: leg=3, phase=0.04, x=-30.00, y=0.00, z=8.00, Rot=-1
Trot: leg=0, phase=0.55, x=27.00, y=0.00, z=0.00, Rot=-1
0, y=0.00, z=0.00, Rot=-1
Trot: leg=0, phase=0.56, x=26.40, y=0.00, z=0.00, Rot=-1
Trot: leg=1, phase=0.06, x=-30.00, y=0.00, z=12.00, Rot=-1
Trot=-1
Trot: leg=3, phase=0.06, x=-30.00, y=0.00, z=12.00, Rot=-1
Trot: leg=0, phase=0.57, x=25.80, y=0.00, z=0.00, Rot=-1
Trot: leg=1, phase=0.07, x=-30.00, y=0.00, z=14.00, Rot=-1
Trot: leg=2, phase=0.57, x=25.80, y=0.00, z=0.00, Rot=-1
Trot: leg=3, phase=0.07, x=-30.00, y=0.00, z=14.00, Rot=-1
Trot: leg=0, phase=0
Trot: leg=1,
Trot: leg=2, phase=0.
Trot: leg=3, phase=0.08, x=-30.00, y=0.00, z=16.00, Rot=-1
Trot: leg=0, phase=0
Trot: leg=1, phase=0.09, x=-30.00, y=0.00, z=18.00, Rot=-1
Trot: leg=2, phase=0.
Trot: leg=3, phase=0.09, x=-30.00, y=0.00, z=18.00, Rot=-1
Trot: leg=0, phase=0.60, x=24.00, y=0.00, z=0.00, Rot=-1
Trot: leg=1, phase=0.10, x=-30.00, y=0.00, z=20.00, Rot=-1
Trot: leg=2, phase=0.60, x=24.00, y=0.00, z=0.00, Rot=-1
phase=0.61, x=23.40, y=0.00, z=0.00, Rot=-1
Trot: leg=1, phase=0.11, x=-28.50, y=0.00, z=20.00, Rot=-1
Trot: leg=2, phase=0.61, x=23.40, y=0.00, z=0.00, Rot=-1
Trot: leg=Trot: leg=0, p y=0.00, z=0.00, Rot=-1
Trot: leg=Trot: leg=2, phase=0.62, x=22.80, y=0.00, z=0.00, Rot=-1
Trot: leg=3, phase=0.
Trot: leg=0, p=-1
Trot: leg=1, 
Trot: leg=2, phase=0.63, x=22.20, y=0.00, z=0.00, Rot=-1
Trot: leg=3, phase=0.13, x=-25.50, y=0.00, z=20.00, Rot=-1
Trot: leg=0, phase=0.64, x=21.60, y=0.00, z=0.00, Rot=-1
ase=0.14, x=-24.00, y=0.00, z=20.00, Rot=-1
Trot: leg=2, phase=0.64, x=21.60, y=0.00, z=0.00, Rot=-1
Trot: leg=3, phase=0.14, x=-24.00, y=0.00, z=20.00, Rot=-1
Trot: leg=0, phase=0.65, x=21.00, y=0.00, z=0.00, Rot=-1
Trot: leg=1, phase=0.15, x=-22.50, y=0.00, z=20.00, Rot=-1
Trot: leg=2, phase=0.65, x=21.00, y=0.00, z=0.00, Rot=-1
Trot: leg=3, phase=0.15, x=-22.50, y=0.00, z=20.00, Rot=-1
Trot: leg=0, phase=0
Trot=-1
Trot: leg=2, phase=0.66, x=20.40, y=0.00, z=0.00, Rot=-1
Trot: leg=3, phase=0.16, x=-21.00, y=0.00, z=20.00, Rot=-1
Trot: leg=0, phase=0.67, x=19.80, y=0.00, z=0.00, Rot=-1
Trot: leg=1, phase=0.17, x=-19.50, y=0.00, z=20.00, Rot=-1
Trot: leg=2, phase=0.67, x=19.80, y=0.00, z=0.00, Rot=-1
Trot: leg=3, phase=0.17, x=-19.50, y=0.00, z=20.00, Rot=-1
Trot: leg=0, phase=0
Trot: leg=1, phase=0.18, x=-18.00, y=0.00, z=20.00, Rot=-1
Trot: leg=2, phase=0.68, x=19.20, y=0.00, z=0.00, Rot=-1
Trot: leg=3, phase=0.18, x=-18.00, y=0.00, z=20.00, Rot=-1
TroTrot: leg=2, phase=0.69, x=18.60, y=0.00, z=0.00, Rot=-1
TroTrot: leg=2, phase=0.70, x=18.00, y=0.00, z=0.00, Rot=-1
e=0.20, x=-15.00, y=0.00, z=20.00, Rot=-1
Trot: leg=0, phase=0.71, x=17.40, y=0.00, z=0.00, Rot=-1
Trot: leg=2, phase=0.71, x=17.40, y=0.00, z=0.00, Rot=-1
0.00, z=20.00, Rot=-1
Trot: leg=0, phase=0.72, x=16.80, y=0.00, z=0.00, Rot=-1
TTrot: leg=2, phase=0.72, x=16.80, y=0.00, z=0.00, Rot=-1
Trot: leg=3, phase=0.22, x=-12.00, y=0.00, z=20.00, Rot=-1
Trot: leg=1, phase=0.23, x=-10.50, y=0.00, z=20.00, Rot=-1
Trot: legTrot: leg=3, phase=0.23, x=-10.50, y=0.00, z=20.00, Rot=-1
Trot: leg=0, phase=0.74, x=15.60, y=0.00, z=0.00, Rot=-1
Trot: leg=1, phase=0.24, x=-9.00, y=0.00, z=20.00, Rot=-1
Trot: l
Trot: leg=0, phase=0.75, x=15.00, y=0.00, z=0.00, Rot=-1
TrTrot: leg=2, phase=0.75, x=15.00, y=0.00, z=0.00, Rot=-1
Trot: leg=3, phase=0.25, x=-7.50, y=0.00, z=20.00, Rot=-1
Trot: leg=0, phase=0.76, x=14.40, y=0.00, z=0.00, Rot=-1
Trot: leg=1, phase=0.26, x=-6.00, y=0.00, z=20.00, Rot=-1
TTrot: leg=
Trot: leg=0, phase=0.77, x=13.80, y=0.00, z=0.00, Rot=-1
Trot: leg=1, phase=0.27, x=-4.50, y=0.00, z=20.00, Rot=-1
Trot: leg=Trot: leg=0, phase=0.78, x=13.20, y=0.00, z=0.00, Rot=-1
Trot: leg=1, phase=0.28, x=-3.00, y=0.00, z=20.00, Rot=-1
Trot: leg=2, phase=0.78, x=13.20, y=0.00, z=0.00, Rot=-1
Trot: leg=3, phase=0.28, x=-3.00, y=0.00, z=20.00, Rot=-1
Trot: leg=2, phase=0.79, x=12.60, y=0.00, z=0.00, Rot=-1
Trot: leg=3, phase=0.29, x=-1.50, y=0.00, z=20.00, Rot=-1
Trot: leg=0, phase=0
Trot: leg=1, phase=0.30, x=0.00, y=0.00, z=20.00, Rot=-1
Trot: leg=2, phase=0.80, x=12.00, y=0.00, z=0.00, Rot=-1
Trot: leg=3, phase=0.30, x=0.00, y=0.00, z=20.00, Rot=-1
Trot: leg=0, phase=0
Trot: leg=1, phase=0.31, x=0.00, y=0.00, z=18.00, Rot=-1

Trot: leg=3, phase=0.31, x=0.00, y=0.00, z=18.00, Rot=-1
Trot: leg=0, phase=0.82, x=10.80, y=0.00, z=0.00, Rot=-1
Trot:Trot:, x=0.00, y=0.00, z=16.00, Rot=-1
Trot: leg=0, phase=0.83, x=10.20, y=0.00, z=0.00, Rot=-1
Trot: leg=1, phase=0.33, x=0.00, y=0.00, z=14.00, Rot=-1
Trot: leg=Trot: leg=3, phase=0.33, x=0.00, y=0.00, z=14.00, Rot=-1
Trot: leg=0, phase=0
TroTrotTrot: leg=0, phase=0.85, x=9.00, y=0.00, z=0.00, Rot=-1
TroTrot: leg=2, phase=0.85, x=9.00, y=0.00, z=0.00, Rot=-1
Trot: leg=0, phase=0.86, x=8.40, y=0.00, z=0.00, Rot=-1
TroTrot: leg=2, phase=0.86, x=8.40, y=0.00, z=0.00, Rot=-1
Trot: leg=3, phase=0.36, x=0.00, y=0.00, z=8.00, Rot=-1
Trot: leg=0, phase=0.87, x=7.80, y=0.00, z=0.00, Rot=-1
Trot: phase=0.37, x=0.00, y=0.00, z=6.00, Rot=-1
Trot: leg=2, phase=0.87, x=7.80, y=0.00, z=0.00, Rot=-1
Trot: leg=3, phase=0.37, x=0.00, y=0.00, z=6.00, Rot=-1
Trot: leg=1, phase=0.38, x=0.00, y=0.00, z=4.00, Rot=-1
Trot: leg=2, phase=0.88, x=7.20, y=0.00, z=0.00, Rot=-1
Trot: leg=3, phase=0.38, x=0.00, y=0.00, z=4.00, Rot=-1
Trot: leg=0, phase=0.89, x=6.60, y=0.00, z=0.00, Rot=-1
Trot: leg=1, phase=0.39, x=0.00, y=0.00, z=2.00, Rot=-1
Trot: leg=2, phase=0.89, x=6.60, y=0.00, z=0.00, Rot=-1
Trot: leg=3, phase=0.39, x=0.00, y=0.00, z=2.00, Rot=-1
Trot: leg=0, phase=0
Trot: leg=1, phase=0.40, x=0.00, y=0.00, z=0.00, Rot=-1
, z=0.00, Rot=-1
Trot: leg=0, phase=0
TroTrot: leg=2, phase=0.91, x=5.40, y=0.00, z=0.00, Rot=-1
Trot: leg=3, phase=0.41, x=0.00, y=0.00, z=0.00, Rot=-1
Trot: leg=0, phase=0
TroTrot: leg=2, phase=0.92, x=4.80, y=0.00, z=0.00, Rot=-1
0, z=0.00, Rot=-1
Trot: leg=0, phase=0.93, x=4.20, y=0.00, z=0.00, Rot=-1
Trot: leg=1, phase=0.43, x=0.00, y=0.00, z=0.00, Rot=-1
Trot: leg=2, phase=0.93, x=4.20, y=0.00, z=0.00, Rot=-1
Trot: leg=3, phase=0.43, x=0.00, y=0.00, z=0.00, Rot=-1
=0, phase=0.94, x=3.60, y=0.00, z=0.00, Rot=-1
Trot: leg=1, phase=0.44, x=0.00, y=0.00, z=0.00, Rot=-1
Trot: leg=2, phase=0.94, x=3.60, y=0.00, z=0.00, Rot=-1
Trot: leg=3, phase=0.44, x=0.00, y=0.00, z=0.00, Rot=-1
Trot: leg=0, p00, z=0.00, Rot=-1
Trot: leg=1, phase=0.45, x=0.00, y=0.00, z=0.00, Rot=-1
Trot: leg=2, phase=0.95, x=3.00, y=0.00, z=0.00, Rot=-1
Trot: leg=3, phase=0.45, x=0.00, y=0.00, z=0.00, Rot=-1
Trot: leg=0, phase=0.96, x=2.40, y=0.00, z=0.00, Rot=-1
Trot: leg=1, phase=0.46, x=0.00, y=0.00, z=0.00, Rot=-1
Trot: leg=2, phase=0.96, x=2.40, y=0.00, z=0.00, Rot=-1
Trot: leg=3, phase=0.46, x=0.00, y=0.00, z=0.00, Rot=-1
Trot: leg=0, phase=0.97, x
Trot: leg=1, phase=0.47, x=0.00, y=0.00, z=0.00, Rot=-1
Trot: leg=Trot: leg=0, phase=0
Trot: leg=1, phase=0.48, x=0.00, y=0.00, z=0.00, Rot=-1
Trot:eg=2, phase=0.98, x=1.20, y=0.00, z=0.00, Rot=-1
Trot: leg=3, phase=0.48, x=0.00, y=0.00, z=0.00, Rot=-1
Trot: leg=0, phase=0
TroTrot: leg=2, phase=0.99, x=0.60, y=0.00, z=0.00, Rot=-1
Trot: leg=3, phase=0.49, x=0.00, y=0.00, z=0.00, Rot=-1
Trot: leg=0, phase=0.00, x=0.00, y=0.00, z=0.00, Rot=-1
Trot: leg=1, phase=0.50,
leg=3, phase=0.50, x=0.00, y=0.00, z=0.00, Rot=-1
Trot Walk Start
SetFootBase: leg=0, x=40.00, y=110.00, z=-80.00
SetFootBase: leg=2, x=-60.00, y=-110.00, z=-80.00
0.00, y=-110.00, z=-80.00
Trot: leg=0, phase=0.00, x=0
Trot: leg=2, phase=0.00, x=0.00, y=0.00, z=0.00, Rot=-1
Trot: leg=3, phase=0.50, x=0.00, y=0.00, z=0.00, Rot=-1
Trot: leg=0, phase=0.00, x=0.00, y=0.00, z=0.00, Rot=-1
Trot: leg=1, phase=0.
Trot: leg=Trot:Trot: leg=0, p00, y=0.00, z=2.00, Rot=-1
Trot: leg=Trot: leg=2, phase=0.01, x=0.00, y=0.00, z=2.00, Rot=-1
Trot: leg=3, phase=0.51, x=-0.60, y=0.00, z=0.00, Rot=-1
Trot: leg=0, phase=0
TrotTrot: leg=2, phase=
Trot: leg=3, phase=0.52, x=-1.20, y=0.00, z=0.00, Rot=-1
Trot: leg=0, phase=0.03, x=0.00, y=0.00, z=6.00, Rot=-1
Trot: leg=1, phase=0.53, x=-1.80, y=0.00, z=0.00, Rot=-1
Trot: leg=2, phase=0.03, x=0.00, y=0.00, z=6.00, Rot=-1
Trot: leg=3, phase=0.5
Trot: leg=0, phase=0.04, x=0.00, y=0.00, z=8.00, Rot=-1
Trot: leg=1, phase=0.54, x=-2.40, y=0.00, z=0.00, Rot=-1
Trot: leg=2, phase=0.04, x=0.00, y=0.00, z=8.00, Rot=-1
Trot: leg=3, phase=0.54, x=-2.40, y=0.00, z=0.00, Rot=-1
Trot: leg=0, phase=0.0
Trot: leg=1, phase=0.55, x=-3.00, y=0.00, z=0.00, Rot=-1
Trot: leg=2, phase=0.05, x=0.00, y=0.00, z=10.00, Rot=-1
Trot: leg=Trot: leg=0, phase=0.06, x=0.00, y=0.00, z=12.00, Rot=-1
Trot:z=12.00, Rot=-1
Trot: leg=3, phase=0.56, x=-3.60, y=0.00, z=0.00, Rot=-1
Trot: leg=0, phase=0.07, x=0.00, y=0.00, z=14.00, Rot=-1
Trot: Trot: leg=2, phase=0.07, x=0.00, y=0.00, z=14.00, Rot=-1
Trot: leg=3, phase=0.57, x=-4.20, y=0.00, z=0.00, Rot=-1
Trot: leg=1, ph
Trot: leg=2, phase=0.08, x=0.00, y=0.00, z=16.00, Rot=-1
Trot: leg=3, ph0, y=0.00, z=0.00, Rot=-1
Trot: leg=0, phase=0
Trot: lTrot: leg=2, phase=0.09, x=0.00, y=0.00, z=18.00, Rot=-1
Trot: leg=3, ph1
Trot: leg=1, phase=0.60, x=-6.00, y=0.00, z=0.00, Rot=-1
Trot: legTrot: leg=3, phase=0.60, x=-6.00, y=0.00, z=0.00, Rot=-1
Trot: leg=0, phase=0.11, x=1.50, y=0.00, z=20.00, Rot=-1
Trot: leg=0, p.00, Rot=-1
TrTrot: leg=2, phase=0.12, x=3.00, y=Trot: leg=0, phase=0
Trot: leg=1, phase=0.63, x=-7.80, y=0.00, z=0.00, Rot=-1
TrotTrTrot: leg=0, phase=0.14, x=6.00, y=0.00, z=20.00, Rot=-1
Trot: leg=1, phase=0.64, x=-8.40, y=0.00, z=0.00, Rot=-1
TTrot: leg=Trot: leg=0, phase=0.15, x=7.50, y=0.00, z=20.00, Rot=-1
Trot: leg=1, phase=0.65
Trot: leg=2, phase=0.15, x=7.50, y=0.00, z=20.00, Rot=-1
Trot: leg=3, phase=0.65, x=-9.00, y=0.00, z=0.00, Rot=-1
Trot: leg=0, phase=0
Trot: leg=1, phase=0.66, x=-9.60, y=0.00, z=0.00, Rot=-1
Trot: leg=2, phase=0.16, x=9.00, y=0.00, z=20.00, Rot=-1
Trot: leg=3, phase=0.
Trot: leg=0, phase=0.17, x=10.50, y=0.00, z=20.00, Rot=-1
TTrot: leg=2, phase=0.17, x=10.50, y=0.00, z=20.00, Rot=-1
TrotTrot: leg=0, phase=0.18, x=12.00, y=0.00, z=20.00, Rot=-1
Trot: leg=1, phase=0.68, x=-10.80, y=0.00, z=0.00, Rot=-1
g=3, phase=0.68, x=-10.80, y=0.00, z=0.00, Rot=-1
Trot: leg=0, phase=0
Trot: leg=1, phase=0.69, x=-11.40, y=0.00, z=0.00, Rot=-1
T11.40, y=0.00, z=0.00, Rot=-1
Trot: leg=0, phase=0.20, x=15.00, y=0.00, z=20.00, Rot=-1
Trot: leg=2, phase=0.20, x=15.00, y=0.00, z=20.
Trot: leg=3, ph0, Rot=-1
Trot: leg=2, phase=0.21, x=16.50, y=0.00, z=20.00,
Trot: leg=3, phase=0.
Trot: leg=0, phase=0.22, x=18.00, y=0.00, z=20.00, Rot=-1
Trot: leg=1, phase=0.72, x=-13.20, y=0.00, z=0.00, Rot=-1
Trot: leg=0, phase=0.23, x=19.50, y=0.00, z=20.00, Rot=-1
Trot: leg=1, phase=0.73, x=-13.80, y=0.00, z=0.00, Rot=-1
Trot: leg=2, phase=0.23, x=19.50, y=0.00, z=20.00, Rot=-1
Trot:Trot: leg=0, ph, Rot=-1
Trot: leg=2, phase=0.24, x=21.00, y=0.00, z=20.00, Rot=-1
Trot: leg=Trot: leg=1, phase=0.75, x=-15.00, y=0.00, z=0.00, Rot=-1
Trot: leg=2, phase=0.25, x=22.50, y=0.00, z=20.00, Rot=-1
Trot: leg=0, phase=0.26, x=24.00, y=0.00, z=20.00, Rot=-1
.60, y=0.00, z=0.00, Rot=-1
Trot: leg=3, phase=0.76, x=-15.60, y=0.00, z=0.00, Rot=-1
Trot: leg=1, ph Rot=-1
Trot: leg=2, phase=0.27, x=25.50, y=0.00, z=20.00, Rot=-1
Trot: leg=3, phase=0.77, x=-16.20, y=0.00, z=0.00, Rot=-1
Trot: leg=1, phase=0.78, x=-16.80, y=0.00, z=0.00, Rot=-1
Trot: leg=2, phase=0.28, x=27.00, y=0.00, z=20.00, Rot=-1
Trot: leg=3, phase=0.
Trot: leg=0, phase=0.29, x=28.50, y=0.00, z=20.00, Rot=-1
Trot: leg=1, phase=0.79, x=-17.40, y=0.00, z=0.00, Rot=-1
Trot: leg=2, phase=0.29, x=28.50, y=0.00, z=20.00, Rot=-1
Trot: leg=3, phase=0.79, x=-17.40, y=0.00, z=0.00, Rot=-1
Trot: leg=0, phase=0
TTroRot=-1
Trot: leg=3, phase=0.80, x=-18.00, y=0.00, z=0.00, Rot=-1
Trot: leg=1, phase=0.81, x=-18.60, y=0.00, z=0.00, Rot=-1
Trot: leg=2, phase=0.31, x=30.00, y=0.00, z=18.00, Rot=-1
Trot: leg=3, phase=0.81, x=-18.60, y=0.00, z=0.00, Rot=-1
Trot: leg=0, phase=0.32, x=30.00, y=0.00, z=16.00, Rot=-1
Trot: leg=1, phase=0.82, x=-19.20, y=0.00, z=0.00, Rot=-1
Tr0, y=0.00, z=0.00, Rot=-1
Trot: leg=0, phase=0.33, x=30.00, y=0.00, z=14.00, Rot=-1
Trot: leg=3, phase=0.83, x=-19.80, y=0.00, z=0.00, Rot=-1
Trot: leg=0, phase=0.34, x=30.00, y=0.00, z=12.00, Rot=-1
Trot: leg=Trot: leg=2, phase=0.34, x=30.00, y=0.00, z=12.00, Rot=-1
Trot: leg=3, phase=0.84, x=-20.40, y=0.00, z=0.00, Rot=-1
phase=0.35, x=30.00, y=0.00, z=10.00, Rot=-1
Trot: leg=1, phase=0.85, x=-21.00, y=0.00, z=0.00, Rot=-1
TrTrot: leg=3, p
Trot: leg=0, p y=0.00, z=8.00, Rot=-1
Trot: leg=1, phase=0
Trot: leg=2, phase=0.
Trot: leg=3, phase=0.86, x=-21.60, y=0.00, z=0.00, Rot=-1
Trot: leg=0, phase=0.37, x=30.00, y=0.00, z=6.00, Rot=-1
Trot: leg=2, phase=0.37, x=30.00, y=0.00, z=6.00, Rot=-1
Trot: leg=3, phase=0.
Trot: leg=0, phase=0
0.88, x=-22.80, y=0.00, z=0.00, Rot=-1
Trot: leg=Trot: leg=3, phase=0.88, x=-22.80, y=0.00, z=0.00, Rot=-1
Trot: leg=0, phase=0
, z=0.00, Rot=-1
Trot: leg=2, phase=0.39, x=30.00, y=0.00, z=2.00, Rot=-1
Trot: leg=3, phase=0.89, x=-23.40, y=0.00, z=0.00, Rot=-1
Trot: leg=0, phase=0.40, x=30.00, y=0.00, z=0.00, Rot=-1
Trot: leg=1, phase=0.90, x=-24.00, y=0.00, z=0.00, Rot=-1
Trot: leg=2, phase=0.40, x=30.00, y=0.00, z=0.00, Rot=-1
Trot: leg=0, phase=0
Trot: leg=2, phase=0.41, x=30.00, y=0.00, z=0.00, Rot=-1
Trot: leg=3, phase=0.91, x=-24.60, y=0.00, z=0.00, Rot=-1
Trot: leg=0, phase=0
Trot, Rot=-1
Trot: leg=3, phase=0.92, x=-25.20, y=0.00, z=0.00, Rot=-1
Trot: leg=0, phase=0.43, x=30.00, y=0.00, z=0.00, Rot=-1
Trot: leg=1, phase
Trot: leg=2, phase=0.43, x=30.00, y=0.00, z=0.00, Rot=-1
Trot phase=0.93, x=-25.80, y=0.00, z=0.00, Rot=-1
Trot: leg=0, phase=0.44, x=30.00, y=0.00, z=0.00, Rot=-1
Trot: leg=1, phase=0.94, x=-26.40, y=0.00, z=0.00, Rot=-1
 y=0.00, z=0.00, Rot=-1
Trot: leg=0, phase=0.45, x=30.00, y=0.00, z=0.00, Rot=-1
Trot: leg=3, phase=0.95, x=-27.00, y=0.00, z=0.00, Rot=-1
Trot: leg=0, phase=0.46, x=30.00, y=0.00, z=0.00, Rot=-1
Trot: leg=3, phase=0.96
Trot: leg=0, p0.47, x=30.00, y=0.00, z=0.00, Rot=-1
Trot: leg=1, phase=0.97, x=-28.20, y=0.00, z=0.00, Rot=-1
Trot:Trot: leg=3, phase=0.97, x=-28.20, y=0.00, z=0.00, Rot=-1
Trot: leg=0, phase=0.48, x=30.00, y=0.00, z=0.00, Rot=-1
Trot: legTrot: leTrot: leg=0, phase=0
Trot: leg=1, phase=0.99, x=-29.40, y=0.00, z=0.00, Rot=-1
Trot: Trot: leg=3, phase=0.99, x=-29.40, y=0.00, z=0.00, Rot=-1
Trot: leg=0, phase=0
Trot: leg=1, phase=0.00, x=-30.00, y=0.00, z=0.00, Rot=-1
Trot: leg=2, phase=0.50, x=30.00, y=0.00, z=0.00, Ro
TrotTrot: leg=0, phase=0.51, x=29.40, y=0.00, z=0.00, Rot=-1
Trot: leg=1, phase=0.01, x=-30.00, y=0.00, z=2.00, Rot=-1
Trot: leg=2, phase=0.51, x=29.40, y=0.00, z=0.00, Rot=-1
Trot: leg=3, phase=0.01, x=-30.00, y=0.00, z=2.00, Rot=-1
Trot: leg=0, phase=0
Trot: leg=1,
 phase=0.52, x=28.80, y=0.00, z=0.00, Rot=-1
TroTrot: leg=0, phase=0.53, x=28.20, y=0.00, z=0.00, Rot=-1
Trot: leg=1, phase=0.03, x=-30.00, y=0.00, z=6.00, Rot=-1
Trot: leg=2, phase=0.53, x=28.20, y=0.00, z=0.00, Rot=-1
Trot: legTrot: leg=0, phase=0
Trot: leg=1, phase=0.04, x=-30.00, y=0.00, z=8.00, Rot=-1
Trot: leg=2, phase=0.54, x=27.60, y=0.00, z=0.00, Rot=-1
Trot: leg=3,
Trot: leg=0, phase=0.55, x=27.00, y=0.00, z=0.00, Rot=-1
Trot: leg=1, phase=0.05, x=-30.00, y=0.00, z=10.00, Rot=-1
Trot: leg=2, phase=0.55, x=27.00, y=0.00, z=0.00, Rot=-1
Trot: leg=3, phase=0.05, x=-30.00, y=0.00, z=10.00, Rot=-1
Trot: leg=0, phase=0.56, x=26.40, y=0.00, z=0.00, Rot=-1
Trot: leg=1, phase=0.06, x=-30.00, y=0.00, z=12.00, Rot=-1
Tro00, z=12.00, Rot=-1
Trot: leg=1, phase=0.07, x=-30.00, y=0.00, z=14.00, Rot=-1
Trot: leg=2, phase=0.57, x=25.80, y=0.00, z=0.00, Rot=-1
Trot: leg=3, phase=0.07, x=-30.00, y=0.00, z=14.00, Rot=-1
Trot: leg=0, phase=0
Trot: leg=2, phase=0.58, x=25.20, y=0.00, z=0.00, Rot=-1
Trot: leg=3, phase=0.08, x=-30.00, y=0.00, z=16.00, Rot=-1
Trot: leg=0, phase=0.59, x=24.60, y=0.00, z=0.00, Rot=-1
Trot: leg=1, phase=0.09, x=-30.00, y=0.00, z=18.00, Rot=-1
Trot: leg=2, phase=0.59, x=24.60, y=0.00, z=0.00, Rot=-1
Trot: leg=3, phase=0.09, x=-30.00, y=0.00, z=18.00, Rot=-1
Trot: leg=0, p0, z=0.00, Rot=-1
Trot: leg=Trot: leg=3, phase=0.10, x=-30.00, y=0.00, z=20.00, Rot=-1
Trot: leg=0, phase=0
Trot: leg=1, phase=0.11, x=-28.50, y=0.00, z=20.00, Rot=-1
Trot: leg=Trot: leg=3, phase=0.11, x=-28.50, y=0.00, z=20.00, Rot=-1
Trot: leg=0, phase=0.62, x=22.80, y=0.00, z=0.00, Rot=-1
Trot: leg=1, phase=0.12, x=-27.00, y=0.00, z=20.00, Rot=-1
Trot: leg=2, phase=0.62, x=22.80, y=0.00, z=0.00, Rot=-1
Trot: leg=3, phase=0.12, x=-27.00, y=0.00, z=20.00, Rot=-1
Trot: leg=0, phase=0
Trot: leg=1, phase=0.13, x=-25.50, y=0.00, z=20.00, Rot=-1
Trot: leg=Trot: leg=0, phase=0
Trot: leg=1, phase=0.14, x=-24.00, y=0.00, z=20.00, Rot=-1
rot: leg=2, phase=0.64, x=21.60, y=0.00, z=0.00, Rot=-1
Trot: leg=0, phase=0
Trot: leg=1, phase=0.15, x=-22.50, y=0.00, z=20.00, Rot=-1
Tr65, x=21.00, y=0.00, z=0.00, Rot=-1
Trot: leg=3, phase=0.15, x=-22.50, y=0.00, z=20.00, Rot=-1
Trot: leg=0, phase=0.66, x=20.40, y=0.00, z=0.00, Rot=-1
Trot: leg=2, phase=0.66, x=20.40, y=0.00, z=0.00, Rot=-1
Trot: leg=3, phase=0.16, x=-21.00, y=0.00, z=20.00, Rot=-1
Trot: leg=0, phase=0.67, x=19.80, y=0.00, z=0.00, Rot=-1
TrTrot: leg=2, phase=0.67, x=19.80, y=0.00, z=0.00, Rot=-1
t: leg=3, phase=0.17, x=-19.50, y=0.00, z=20.00, Rot=-1
Trot: leg=0, phase=0
TroTrot: leg=3, phase=0.18, x=-18.00, y=0.00, z=20.00, Rot=-1
Trot: leg=1, phase=0.19, x=-16.50, y=0.00, z=20.00, Rot=-1
Tz=20.00, Rot=-1
Trot: leg=0, phase=0.70, x=18.00, y=0.00, z=0.00, Rot=-1
Trot: leg=1, phase=0.20, x=-15.00, y=0.00, z=20.00, Rot=-1
Trot: leg=2, phase=0.70, x=18.00, y=0.00, z=0.00, Rot=-1
Trot: leg=0, phase=0.71, x=17.40, y=0.00, z=0.00, Rot=-1
Trot: leg=1, phase=0.21, x=-13.50, y=0.00, z=20.00, Rot=-1
Trot: lTrot: leg=3, phase=0.21, x=-13.50, y=0.00, z=20.00, Rot=-1
Trot: leg=0, p, x=16.80, y=0.00, z=0.00, Rot=-1
Trot: leg=2, phase=0.72, x=16.80, y=0.00, z=0.00, Rot=-1
Trot:Trot: leg=0, phase=0.73, x=16.20, y=0.00, z=0.00, Rot=-1
Trot: leg=2, phase=0.73, x=16.20, y=0.00, z=0.00, Rot=-1
Trot: leg=3, phase=0.23, x=-10.50, y=0.00, z=20.00, Rot=-1
Trot: leg=0, phase=0.74, x=15.60, y=0.00, z=0.00, Rot=-1
Trot: leg=1, phase=0.24, x=-9.00, y=0.00, z=20.00, Rot=-1
Trot: leg=Trot: leg=3, phase=0.24, x=-9.00, y=0.00, z=20.00, Rot=-1
Trot: leg=0, phase=0.75, x=15.00, y=0.00, z=0.00, Rot=-1
-7.50, y=0.00, z=20.00, Rot=-1
Trot: leg=2, phase=0.75, x=15.00, y=0.00, z=0.00, Rot=-1
Trot: leg=3, phase=0.25, x=-7.50, y=0.00, z=20.00, Rot=-1
Trot: leg=0, phase=0
, Rot=-1
Trot: leg=2, phase=0.76, x=14.40, y=0.00, z=0.00, Rot=-1
Trot: leg=3, phase=0.26, x=-6.00, y=0.00, z=20.00, Rot=-1
Trot: leg=0, phase=0.77, x=13.80, y=0.00, z=0.00, Rot=-1
TroTr phase=0.77, x=13.80, y=0.00, z=0.00, Rot=-1
Trot: leg=3, phase=0.27, x=-4.50, y=0.00, z=20.00, Rot=-1
Trot: leg=1, phy=0.00, z=0.00, Rot=-1
Trot: leg=
Trot: leg=0, phase=0
Trot: leg=1, phase=0.29, x=-1.50, y=0.00, z=20.00, Rot=-1

Trot: leg=2, phase=0.80, x=12.00, y=0.00, z=0.00, Rot=-1
Trot: leg=3, phase=0.30, x=0.00, y=0.00, z=20.00, Rot=-1
Trot: leg=0, phase=0.81, x=11.40, y=0.00, z=0.00, Rot=-1
Trot: leg=1, phase=0.31, x=0.00, y=0.00, z=18.00, Rot=-1
TTrot: leg=3, phase=0.31, x=0.00, y=0.00, z=18.00, Rot=-1
Trot: leg=0, phase=0.82, x=10.80, y=0.00, z=0.00, Rot=-1
Trot: leg=2, phase=0.82, x=10.80, y=0.00, z=0.00, Rot=-1
Trot: leg=3, phase=0.32, x=0.00, y=0.00, z=16.00, Rot=-1
Trot: leg=0, phase=0.83, x=10.20, y=0.00, z=0.00, Rot=-1
Trot: leg=1, phase=0.33, x=0.00, y=0.00, z=14.00, Rot=-1
Trot: leg=2, phase=0.83, x=10.20, y=0.00, z=0.00, Rot=-1
Trot: leg=3, phase=0.33, x=0.00, y=0.00, z=14.00, Rot=-1
Trot: leg=0, phase=0.84, x=9.60, y=0.00, z=0.00, Rot=-1
Trot: leg=2, phase=0.84, x=9.60, y=0.00, z=0.00, Rot=-1
Trot: leg=3, phase=0.34, x=0.00, y=0.00, z=12.00, Rot=-1
Trot: leg=0, phase=0.85, x
Trot: leg=1, phase=0.35, x=0.00, y=0.00, z=10.00, Rot=-1
Trot: leg=2, phase=0.85, x=9.00, y=0.00, z=0.00, Rot=-1
Trot: leg=3, phase=0.35, x=0.00, y=0.00, z=10.00, Rot=-1
Trot: leg=0, phase=0
0, y=0.00, z=8.00, Rot=-1
Trot: leg=Trot: leg=1, phase=0.37, x=0.00, y=0.00, z=6.00, Rot=-1
Trot: leg=2, phase=0.87, x=7.80, y=0.00, z=0.00, Rot=-1
Trot: leg=0, phase=0.88, x=7.20, y=0.00, z=0.00, Rot=-1
Trot: leg=1, phase=0.38, x=0.00, y=0.00, z=4.00, Rot=-1
Trot:20, y=0.00, z=0.00, Rot=-1
Trot:Trot: leg=0, phase=0
TroTrot: leg=Trot: leg=0, phase=0
TroTro.00, y=0.00, z=0.00, Rot=-1
Trot: leg=0, phase=0.91, x=5.40, y=0.00, z=0.00, Rot=-1
Trot: leg=1, phase=0.41, x=0.00, y=0.00, z=0.00, Rot=-1
Trot: leg=2, phase=0.91, x=5.40, y=0.00, z=0.00, Rot=-1
Tr
Trot: leg=0, phase=0.92, x=4.80, y=0.00, z=0.00, Rot=-1
TrotTrot: leg=2, phase=0.92, x=4.80, y=0.00, z=0.00, Rot=-1
Trot: leg=0, ph4.20, y=0.00, z=0.00, Rot=-1
TroTrot: leg=3, phase=0.43, x=0.00, y=0.00, z=0.00, Rot=-1
Trot: leg=0, phase=0
TTrot: leg=3, phase=0.44, x=0.00, y=0.00, z=0.00, Rot=-1
Trot: leg=0, phase=0.95, x=3.00, y=0.00, z=0.00, Rot=-1
Trot: leg=1, phase=0.00, y=0.00, z=0.00, Rot=-1
Trot: leg=2, phase=0.95, x=3.00, y=0.00, z=0.00, Rot=-1
TroTrot: leg=0, phase=0.96, x=2.40, y=0.00, z=0.00, Rot=-1
Trot: leg=1, phase=0.46, x=0.00, y=0.00, z=0.00, Rot=-1
Trot: leg=2, phase=0.96, x=2.40, y=0.00, z=0.00, Rot=-1
Trot: leg=1, phase=0.47, x=0.00, y=0.00, z=0.00, Rot=-1
Trot: leg=2, phase=0.97, x=1.80, y=0.00, z=0.00, Rot=-1
Trot: leg=3, phase=0.47, x=0.00, y=0.00, z=0.00, Rot=-1
Trot: leg=0, phase=0
TroTr-1
Trot: leg=3, phase=0.48, x=0.00, y=0.00, z=0.00, Rot=-1
Trot: leg=0, phase=0.99, x
Trot: leg=1, phase=0.
Trot: leg=2, phase=0.99, x=0.60, y=0.00, z=0.00, Rot=-1
 x=0.00, y=0.00, z=0.00, Rot=-1
Trot: leg=1, phase=0.
Trot: leg=2, phase=0
Trot: leg=3, phase=0.50, x=0.00, y=0.00, z=0.00, Rot=-1
Trot Walk Walk Sta
ICrawl Update: leg=0, phase=0.00, x=4
ICrawl Update
ICrawl Update
ICrawl Update: leg=3, phase= y=-110.0, z=-80.0
ICrawl Update: leg=0, 
ICrawl Update: leg=1, phase=0.00, x=-80.0,
ICrawl Update: leg=2, phase=0.50,
=-80.0
ICrawl Update
ICrawl Update: leg=1, p
ICrawl Update: leg=2,
ICrawl Update: leg=3,
ICrawl Update: leg=0, phase=0.02, x=40.0, y=110.0, z=-80.0
ICrawl UpdICrawl Update: leg=3, phase=
ICrawl Update: leg=0, phase=0.03, x=40.0, y=110.0, z=-80.0
ICrawl Update: leg=1, phase=0.03
ICrawl Update: leg=2, phase=0.53, x=-60.0, y=-110.0, z=-80.0
ICrawl Update: leg=0, phase=0.04, x=40.0, y=110.0, z=-80.0
ICrawl Update: leg=
IICrICrawl Update: leg=0, phase=0.05, x=40.0, y=110.0, z=-80.0
ICrawl Update: leg=1, phase=0.05, x=-80.0, y=110.0, z=-55.0
ICrawl Update: leg=2, phase=0.55
ICrawl Update: leg=3, phase=0.55, x=60.0, y=-110.0, z=-80.0
=-80.0
ICrawl Update: leg=1, phase=0.06, x=-76.0, y=110.0, z=-55.0
ICrawl Update: leg=2, phase=0.56, x=-60.0, y=-110.0, z=-80.0
ICrawICrawl Update: leg=0, phase=0.07, x=40.0, y=110.0, z=-80.0
ICwl Update: leg=1, phase=0.07, x=-72.0, y=110.0, z=-55.0
ICrawl Update: leg=2, phase=0.57, 
ICrawl UpdICrawl Update: leg=0, phase=0.08, x=40.0, y=110.0, z=-80.0
ICrawl Update: leg=1, phase=0.08, x=-68.0, y=110.0, z=-55.0
ICrawl Update: leg=2, phase=0.58
IICrawl Update
ICrawl Update: leg=1, phase=0.09, x=-64.0, y=110.0, z=-55.0
ICrawl Update: leg=2, phase=0.59
ICrawl Update
ICrawl Update: leg=1, 0, y=110.0, z=-55.0
ICrawl Update: leg=2, phase=0.60, x=-60.0, y=-110.0, z=-80.0
ICrawl Update: leg=3,
ICrawl Update: leg=0, 
ICrawl Update: leg=1, phase=0.11, x=-56.0, y=110.0, z=-55.0
ICrawl UpdICrawl Update: leg=3, phase=
ICrawl Update: leg=1,
ICrawl Update: leg=2, phase=0.62, x=-60.0, y=-110.0, z=-80.0
ICrawl UICrawl Update: leg=1, phase=0.13, x=-48.0, y=110.0, z=-55.0
ICrawl Update: leg=2, phase=0.63, x=-60.0, y=-110.0, z=-80.0
ICrawl Update: leg=3,
ICrawl Update: leg=1, phase=0.14
ICrawl Update: leg=2, phas=0.64, x=-60.0, y=-110.0, z=-80.0
ICrawl UpdICrawl Update: leg=0, phase=0.15, x=40.0, y=110.0, z=-80.0
ICrawl Update: leg=1, phas
ICrawl Update: leg=2, phase=0.65.0, y=-110.0, z=-80.0
ICrawl Update: leg=3, phase=0.65, x=60.0, y=-110.0, z=-80.0
ICrawl Update
ICrawlICrawl Update: leg=2, phase=0.66, x=-60.0, y=-110.0, z=-80.0
ICrawl Update: leg=3,
ICrawl Update
ICrawl UpdICrawl Update: leg=2, phase=0.67, x=-60.0, y=-110.0, z=-80.0
ICrawl Update: leg=3, phase=0.67, x=60.0, y=-110.0, z=-80.0
ICrawl Update: leg=0, phase=0.18, x=40.0, y=110.0, z=-80.0
ICrawl Update: leg=2, phase=0.68, x=-6
: leg=3, phase=0.68, x=60.0, y=-110.0, z=-80.0
ICrawl Update: leg=0, phase=0.19, x=40.0, y=110.0, z=-80.0
ICrawl UpdICrawl Update: leg=2, phase=0.69, x=-60.0, y=-110.0, z=-80.0
se=0.69, x=60.0, y=-110.0, z=-80.0
ICrawl Update
ICrawl Update: leg=1, phase=0.20, x=-4
ICrawl Update: leg=2, phase=0.70, x=-60.0, y=-
ICrawl Update: leg=3, 0.0, y=-110.0, z=-80.0
ICrawl Update: leg=1,
ICrawl Update: leg=2,
ICrawl Update: leg=3, phase=0.71, x=60.0, y=-110.0, z=-80.0
ICrawl Update: leg=0, phase=0.22, 
ICrawl Update: leg=1, phase=0.22, x=-40.0, y=110.0, z=-80.0
ICrawl Update: leg=2, phase=0.72, 
ICrawl Update: 
ICrawl Update
ICrawl Update: leg=1, phase=0.23, x=-40.0, y=110.0, z=-80.0
ICrawl Update: leg=2, phase=0.73, x=-60.0, y=-110.0, z=-80.0
ICrawl Update: leg=0, phase=0.24, x=40.0, y=110.0, z=-60.0
ICrawl Update: leg=1, phase=0.24
ICrawl Update: leg=2, phase=0.74
ICrawl Update: leg=3, phase=0.74, x=60.0, y=-110.0, z=-80.0
ICrawl Update: leg=0, phase=0.25, x=40.0, y=110.0, z=-55.0
ICrawl UpICrawl Update: leg=2, phase=0.75, x=-60.0, y=-110.0, z=-80.0
ICr44.0, y=110.0, z=-55.0
ICrawl Update: leg=1, phase=0.26, x=-4
ICrawl Update: leg=2, phase=0.76, x=-60.0, y=-110.0, z=-80.0
0, z=-55.0
ICrawl Update: leg=1, phase=0.27
ICrawl Update: leg=2, phase=0.77
ICrawl Update: leg=3, phase=0.77, x=60.0, y=-110.0, z=-80.0
ICrawl Update: leg=0, phase=0.28, x=52.0, y=110.0, z=-55.0
ICrawl Update: leg=1, phase=0.28
ICrawl Update: leg=2, phase=0.78
ICrawl Update: leg=3, phase=
ICrawl Update
ICrawl Update: leg=1, phase=0.29, x=-40.0, y=110.0, z=-80.0
ICrawl Update: leg=2, phase=0.79, x
ICrawl Update: leg=3, phase
ICrawl Update: leg=1, phase=0.30, x=-40.0, y=110.0, z=-80.0
ICrawl Update: leg=2, phase=0.80, x=-60.0, y=-110.0, z=-80.0
ICrawl Update
ICraw-40.0, y=110.0, z=-80.0
ICrawICrawl ICrawl Update: leg=0, phase=0.32, x=68.0, y=110.0, z=-55.0
ICraw.0, z=-80.0
ICrawICrawl Update: leg=3, phase=0.82, 
ICrawl Update
IC
ICrawl Update: leg=2, phase=0.83
ICrawl UpdICrawl Update: leg=0, phase=0.34, x=76.0, y=110.0, z=-55.0
ICrawl Update: leg=1, phase=0.34, x=-4
te: leg=2, phase=0.84, x=-60.0, y=-110.0, z=-80.0
ICrawl Update: leg=3, phase=
ICrawl Update
ICrawl Update: leg=1,
ICrawl Update: leg=2, phase=0.85, x=-60.0, y=-110.0, z=-80.0
ICICrawl Update
ICrawl Update: leg=1, phase
ICrawl Update: leg=2, phas=-60.0, y=-110.0, z=-80.0
ICrawl Update: leg=3, phase=
ICrawl Update: leg=0, phase=0.37, x=80.0, y=110.0, z=-65.0
ICrawl Upda
ICrawl Update: leg=2, phase=0.87, x=-60.0, y=-110.0, z=-80.0
ICrawl Update: leg=3, phase=0.87, x=60.0, y=-1
ICrawl Update: leg=1, phase=0.38
ICrawl Update: leg=2, phas0
ICrawl Update: leg=3,
ICrawl Update
ICrawl Update: leg=1, phase=0.39
ICrawl Update: leg=2, phase=0.89
ICrawl Update: leg=3, phase=0.89, x=60.0, y=-110.0, z=-80.0
ICrawl Update: leg=0, phase=0.40, 
ICrawl Update: leg=1, phase=0.40, 
ICrawl Update: leg=2, phase=
 phase=0.90, x=60.0, y=-110.0, z=-80.0
ICrawICrawl Update: leg=2, phase=0.91, x=-62.0, y=-110.0, z=-80.0
ICraw x=58.0, y=-110.0, z=-80.0
ICrawl Update: leg=1, phase=0.42, x=-44.0, y=110.0, z=-80.0
ICrawl Update: leg=2, phase=0.92, xICrawl Update: leg=3, phase=0.92, x=56.0, y=-110.0, z=-80.0
ICrawl Update: leg=1, phase=0.43, x=-46.0, y=110.0, z=-80.0
ICrawl UpdICrawl Update: .0
ICrawl UpdICrawl Update: leg=2, phase=0.94
IICrawl pdate: leg=0, phase=0.45, x=70.0, y=110.0, z=-80.0
ICrawICrawl Update: leg=2, phase=0.95
ICrawl U, phase=0.46, x=68.0, y=110.0, z=-80.0
ICrawICrawl Update: leg=2,
ICrawl Update: leg=3, phase=
ICrawl Update: leg=0, phase=0.47, x=66.0, y=110.0, z=-80.0
110.0, z=-80.0
ICICrawl Update: leg=2, phase=0.98
ICrawl .0
ICrawl Update: leg=1, phase=0.49
ICrawl Update: leg=2, phase=0.99, x=-78.0, y=-110.0, z=-80.0
ICrawICrawpdate: leg=1, phase=0.50, x=-60.0, y=110.0, z=-80.0
ICrawl UpdICrawl Update: leg=0, 
ICrawl Update:, phase=0.51, x=-60.0, y=110.0, z=-80.0
ICrawl Update: leg=2, 
ICrawl Update
ICrawl Update: leg=1, phase=0.52, x=-60.0, y=110.0, z=-80.0
ICrawl Update: leg=2, phase=0.02
ICrawl Update: leg=3,
ICrawl Update
ICrawl Update: leg=1, phase=0.53, x=-60.0, y=110.0, z=-80.0
ICrawl Update: leg=2, phase=0.03, x=-80.0, y=-110.0, z=-65.0
ICrawl Update: leg=3,
ICrawl Update
ICrawl Update: leg=1, phase=0.540.0
ICrawl Update: leg=2, 
ICrawl Update: leg=3, phase=0.04
ICrawl Update: leg=0, phase=0.55, x=60.0, y=110.0, z=-80.0
ICrawl Update: leg=1,
ICrawl Update: leg=2, phase=0.05, x=-80.0, y=-110.0, z=-55.0
ICrawl UpdICrawl Update: leg=1, phase=
ICra2, phase=0.06, x=-76.0, y=-110.0, z=-55.0
ICrawl Update: leg=3, phase=0.06
ICrawl Update
ICrawl Update: leg=1, phase=0.57, x=-6
IC7, x=-72.0, y=-110.0, z=-55.0
ICrawl Update: leg=3, phase=0.07
ICrawl Update
ICrawl Updy=-110.0, z=-55.0
ICrawl Update: leg=3, phase=0.08, x=40.0, y=-110.0, z=-80.0
ICrawl Update: leg=0, 
ICrawl ICrawl Update: l-55.0
ICrawl Update: leg=3, phase=0.09
ICrawl Update
ICrawl Update: leg=1, phase=0.60, x=-60.0, y=110.0, z=-80.0
ICrawl UpICrawl Update: leg=3, phase=0.10, x=40.0, y=-110.0, z=-80.0
ICrawl Update: leg=1, phase=0.61
ICrawl Update: leg=2, phase=0.11, x=-56.0, y=-110.0, z=-55.0
g=3, phase=0.11, x=40.0, y=-110.0, z=-80.0
ICrawl Update: leg=0, phase=0.62, x=60.0, y=110.0, z=-80.0
ICrawl Update: leg=1, pha
ICrawl Update: leg=2, 
ICrawl Update: leg=3, .12, x=40.0, y=-110.0, z=-80.0
ICrawl Update: leg=0, phase=0.63, x=60.0, y=110.0, z=-80.0
ICrawl ICrawl Update: leg=2,
ICr y=-110.0, z=-80.0
ICrawl Update: leg=1, phase=0.64
ICrawl Update: leg=2, phase=0.14
ICrawl Update: leg=3, phase=0.14, x=40.0, y=-110.0, z=-80.0
ICrawl Update: leg=1, phase=
ICrawl Update: leg=2, phase=0.15
ICrawl Update: leg=3, phase=0.15
wl Update: leg=0, phase=0.66, x=60.0, y=110.0, z=-80.0
ICrawl Update
ICrawl Update: leg=2, phase=0.16
ICrawl Update: leg=3, phase=0.16
ICrawl eg=0, phase=0.67, x=60.0, y=110.0, z=-80.0
ICrawl Update: leg=1,
ICrawl Update: leg=2, phase=0.17
ICrawl Update: leg=3, phase=0.17, x=40.0, y=-110.0, z=-80.0
ICrawl 0.68, x=60.0, y=110.0, z=-80.0
ICrawl UpdICrawl UpdICrawl Update: leg=3, phase=0.18, x=40.0, y=-110.0, z=-80.0
ICrawl , y=110.0, z=-80.0
ICrawl Update: leg=1, phase=0.69, x=-6
ICrawl Update: leg=2, 
ICrawl Update: leg=3, phase=0.19
ICrawl Update: leg=0, phase=0.70, x=60.0, y=110.0, z=-80.0
ICrawl UpdICrawl Update: leg=2, phase=0.20, x=-40.0, y=-110.0, z=-80.0
ICrawl Update: leg=3, phase=0.20
ICrawl Update: leg=0, phase=0.71, x=60.0, y=110.0, z=-80.0
ICrawl Update: leg=1, phase=0.71, x=-60.0, y=110.0, z=-80.0
ICrawICrawl Update: leg=3, phase=0.21
ICrawl Update
ICrawl Update: leg=1, phase=0.72, x=-60.0, y=110.0, z=-80.0
ICrawl UpICrawl Update: leg=3, phase=0.22
ICrawl Update: leg=0, 
ICrawl Update: leg=1, phase=0.73, x=-60.0, y=110.0, z=-80.0
ICrawl Update: leg=2,
ICrawl UpdICrawl Update
ICrawl Update: leg=1, phase=0.74, x=-60.0, y=110.0, z=-80.0
ICICICrawl Update: leg=0, phase=0.75, x=60.0, y=110.0, z=-80.0
ICrawz=-80.0
ICrawl UpdICrawl Update: leg=3, phase=0.25
ICrawl Update
ICrawl Update: leg=1, phase=0.76, x=-6
ICrawl Update: leg=2, phase=0.26, x=-40.0, y=-110.0, z=-80.0
ICrawl UpICrawl Update: leg=0, 
ICrawl Update: leg=1,
ICrawl Update: leg=2, phase=0.27, x=-40.0, y=-110.0, z=-80.0
ICrawl Update: leg=
ICrawl Update
ICrawl Update: leg=1, phase=0.78, x=-6
ICrawl Update: leg=2, phas=0.28, x=-40.0, y=-110.0, z=-80.0
ICrawl Update: leg=3, phase=0.28, x=52.0, y=-110.0, z=-55.0
ICrawl Update
ICrawl Update: leg=1, phase=0.79, x=-60.0, y=110.0, z=-80.0
ICrawl Update: .0, y=-110.0, z=-80.0
ICrawl Update: leg=3,
ICrawl Update: leg=0, 
ICrawl Update: leg=1, phase=0.80, x=-6
ICraw, z=-80.0
ICrawl Update
ICrawl Update: leg=0, phase=0.81, x=60.0, y=110.0, z=-80.0
ICrawl Update: leg=1, phase
ICrawl Update: leg=2,
ICrawl Update: leg=3, phase=0.31, x=64.0, y=-110.0, z=-55.0
ICrawl Update
ICrawl Update: leg=1, phase=0.82, x=-6
ICrawl Update: leg=2, phase=0.32, x=-40.0, y=-110.0, z=-80.0
: leg=3, phase=0.32, x=68.0, y=-110.0, z=-55.0
ICrawl Update
ICrawl UpdICrawlICrawl Update: leg=3, phase=0.33, x=72.0, y=-110.0, z=-55.0
ICrawl Update: leg=0, phase=0.84, 
ICrawl Update: leg=1, phase=0.84, x=-60.
ICrawl Update: leg=2,
ICrawl Update: leg=3, 6.0, y=-110.0, z=-55.0
ICrawl Update: leg=0, phase=0.85, x=60.0, y=110.0, z=-80.0
ICrawl Update: leg=1, phase=0.85, x=-6
ICrawl Update: leg=2, 
ICr0, z=-55.0
ICrawl Update: leg=0, 
ICrawl Update: leg=1, phase=0.86, x=-60.0, y=110.0, z=-80.0
ICrawl Update: leg=2, phase=0.36, x=-40.0, y=-110.0, z=-80.0
ICrawl Update: leg=3, phase=0.36
ICrawl Update
ICrawl Update: leg=1,
ICrawl Update: leg=2, phase=0.37, x=-40.0, y=-110.0, z=-80.0
ICrawICrawl Update: leg=0, phase=0.88, x=60.0, y=110.0, z=-80.0
ICrawl Update: 
ICrawl UpdICrawl Update: leg=3, phase=0.38
ase=0.89, x=60.0, y=110.0, z=-80.0
ICrawl Update: leg=1, phase=0.89, x=-6
ICrawl Update: leg=2, phase=0.39, x=-40.0, y=-110.0
ICrawl Update: leg=3, phase=0.39, x=80.0, y=-110.0, z=-75.0
ICrawl Update: leg=0, phase=0.90, x=60.0, y=110.0, z=-80.0
ICrawl Update: leg=1, phas
ICrawl Update: leg=2, phase=0.40, x=-40.0, y=-110.0, z=-80.0
ICrawl Update: leg=0, phase=0.91, x=58.0, y=110.0, z=-80.0
ICrawl Update: leg=1, phase=0.91, x=-62.0, y=110.0, z=-80.0
ICrawl Update: leg=2
ICrawl Update: leg=0, 
ICrawl Update: leg=1, phase=0.92, x=-64.0, y=110.0, z=-80.0
ICrawl UpdICrawl Update: leg=3, phase=0.42
ICrawl Update
ICrae: leg=1, phase=0.93, x=-66.0, y=110.0, z=-80.0
ICrawl UpdICrawl Update
ase=0.94, x=-68.0, y=110.0, z=-80.0
ICrawl Update: leg=2, phase=0.44, x=-48.
ICrawlICrawl Update: leg=0, 
ICrawl Update: leg=1, phase=0.95, x=-70.0, y=110.0, z=-80.0
ICrawl UpdICrawl Update: leg=3, 
ICrawl Update
ICrawl Update: leg=1, phase=0.96.0, z=-80.0
ICrawl ICrawl IC
ICrawl Update: leg=2, 
ICrawl ICrawl Update
ICrawl Update: leg=1
ICrawl Update: leg=2, phase=0.48, x=-56.0, y=-110.0, z=-80.0
ICrawl Update: leg=3
ICrawl Update
ICrawl Update: leg=1, phase=0.99, x=-7
ICrawl Update: leg=2, phase=0.49, x=-58.0, y=-110.0, z=-80.0
ICrawICrawl Update: leg=0, phase=0.00, x=40.0, y=110.0, z=-80.0
ICrawl Update: leg=1, phase=0.00, x=-80.0, y=110.0, z=-80.0
ICrawl Update: leg=2, phas=-60.0, y=-110.0, z=-80.0
ICrawl UpdICrawl WaBack Walk Start
ICrawl Update
ICrawl Update: leg=1,
ICrawl Update: leg=2, phase=0.50, x=-60.0, y=-110.0, z=-80.0
ICrawl Update: leg=3, phase=
ICrawl Update: leg=0, phase=0.00, x=40.0, y=110.0, z=-80.0
ICrawl Update: leg=1, phase=0.00, x=-80.0, y=110.0, z=-80.0
ICrawl Update: leg=2, phase=0.50, x=-60.0, y=-110.0, z=-80.0
ICrawl Update: leg=3,
ICrawl Update: leg=0, phase=0.99, x=42.0, y=110.0, z=-80.0
ICrawl Update: leg=1,
ICrawl Update: leg=2, phase=0.49, x=-58.0, y=-110.0, z=-80.0
ICrawl Update: leg=3, 
ICrawl Update: leg=0, 
ICrawl Update: leg=1, phase=0.98, x=-76.
ICrawl Update: leg=2, phase=0.48, x=-56.0, y=-110.0, z=-80.0
ICrawICrawl Update
ICrawl Update: leg=1, phase=0.97, x=-7
ICrawl Update: leg=2, p
ICrawl ICrawl Update: leg=0, phase=0.96, x=48.0, y=110.0, z=-80.0
ICrawl Update: leg=1, phase=0.96, x=-7
ICrawl Update: leg=2, phase=0.46, x=-52.0, y=-110.0, z=-80.0
ICrawl Update: leg=3, phase=0.46, x=68.0, y=-110.0, z=-80.0
ICrawl Update
ICrawl Update: leg=1, phase=0.95, x=-7
ICrawl Update: leg=2, 
ICrawl Update: lhase=0.45, x=70.0, y=-110.0, z=-80.0
ICrawl Update: leg=0, 
ICrawl Update: leg=1, phase=0.94, x=-68.
IC=72.0, y=-110.0, z=-80.0
ICrawl Update: leg=0, 
ICrawl Update: leg=1, phase=0.93, x=-6
ICrawICrawl Update: leg=3, phase=0.43, x=74.0, y=-110.0, z=-80.0
ICrawl Update: leg=1,
ICrawl Update: leg=2, 
ICraw
ICrawl Update
ICrawl Update:
ICrawl Update: leg=2, phase=0.41, x=-42.0, y=-110.0, z=-80.0
ICrawl Update: leg=3, phase=
ICrawl Update: leg=0, phase=0.90, x=60.0, y=110.0, z=-80.0
ICrawICrawl Update: leg=2, phase=0.40
ICrawl Update: leg=3, phase=0.40, x=80.0, y=-110.0, z=-80.0
ICrawl phase=0.89, x=60.0, y=110.0, z=-80.0
ICrawl Update: leg=1, phase=0.89, x=-60.0, y=110.0, z=-80.0
ICraICrawl UpdICrawl x=60.0, y=110.0, z=-80.0
ICrawl Update: leg=1, phase=0.88, x=-60.0, y=110.0, z=-80.0
ICrawl Update: leg=2,
ICrawl Update: leg=3, phase=0.38, x=80
ICrawl 0.0, z=-80.0
ICrawl Update:

ICrawl Update: leg=1,
ICrawl Update: leg=2, phase=0.36
ICrawl Update: leg=3, phase=0.36, x=80.0, y=-110.0, z=-60.0
ICrawl Update: leg=0, 
ICrawl Update: leg=1, phase=0.85, x=-60.0, y=110.0, z=-80.0
ICrawl Update: leg=2, phase=0.35, x=-4
ICrawICrawl Update
ICrawl Update: leg=1, phase=0.84, x=-60.0, y=110.0, z=-80.0
ICrawl Update: leg=2, phase=0.34
ICrawl Update
ICrawl Update: leg=1, phase=0.83x=-60.0, y=110.0, z=-80.0
ICICrawl Update: leg=0, phase=0.82, x=60.0, y=110.0, z=-80.0
ICrawl Update: leg=1, phase=0.82, x=-60.0, y=110.0, z=-80.0
ICrawl UpdICrawl Update
ICrawl Update: leg=1, phase=0.81, x=-60.0, y=110.0, z=-80.0
ICrawl Update: leg=2, 
ICrawl Update
ICrawl Update
ICrawl Update: leg=2, phase=0.30, x=-40.0, y=-110.0, z=-80.0
ICrawl Update: leg=3, phase=0.30, x=60.0, y=-110.0, z=-55.0
ICrawl Update: leg=0, 
ICrawl Update: leg=1, phase=0.79, x=-6
ICrawl Update: l phase=0.29, x=-40.0, y=-110.0, z=-80.0
ICrawl Update
ICrawl Update: leg=1,
IC x=-40.0, y=-110.0, z=-80.0
ICrawl Update
ICrawl Update: leg=0, phase=0.77, x=60.0, y=110.0, z=-80.0
ICrawl Update: leg=1, phase=0.77, x=-6
ICrawl Update: leg=2, phase=0.27-110.0, z=-80.0
ICrawl Update
ICrawl Update
ICrawl Update: leg=1, phase=0.76, 
ICrawl Update: leg=2, phase=0.260.0
ICraICrawl Update
ICraICrawl Update: leg=2, phase=0.25, x=-40.0, y=-110.0, z=-80.0
ICrawl Update: leg=3, phase=0.25, x=40.0, y=-110.0, z=-55.0
ICrawl Update
ICrawl Update: leg=1, phase=0.74, x=-6
ICrawl UpdICraw3, phase=0.24, x=40.0, y=-110.0, z=-60.0
ICrawl Update
ICrawl UpdICrawl Update: leg=2, phase=0.23
ICrawl Update: leg=3, phase=0.23, x=40.0, y=-110.0, z=-65.0
ICrawl Update: leg=0, phase=0.72, x=60.0, y=110.0, z=-80.0
ICrawl Update: leg=1, phase=0.72, x=-6
ICrawl Update: leg=3, phase=0.22, =-110.0, z=-70.0
ICrawl Update: leg=2, phase=0.21, x=-40.0ICrawl Update: leg=3, phase=0.21, x=40.0, y=-110.0, z=-75.0
ICrawl Update
ICrawl Update: leg=1, phase=0.70, x=-6
ICrawl UpICrawl UpdICrawl Update: leg=0, phase=0.69, x=60.0, y=110.0, z=-80.0
ICrawl Update: leg=1, phase=0.69, x=-60.
ICrawl Update: leg=2, phase=0.19, x=-40.0, y=-110.0, z=-75.0
ICrawl Update: leg=3, phase=0.19, x=40.0, y=-110.0, z=-80.0
ICrawl Update: l=0, phase=0.68, x=60.0, y=110.0, z=-80.0
ICrawl UpdICrawl Update: leg=2, phase=0.18, x=-40.0, y=-110.0, z=-70.0
ICrawl Update: leg=3, phase=0.18
ICrawl 67, x=60.0, y=110.0, z=-80.0
ICrawl Update: leg=1, phase=0.67, x=-60.0, y=110.0, z=-80.0
ICrawl Update: leg=2, phase=0.17
ICrawl y=110.0, z=-80.0
ICrawl Update: leg=2, phase=0.16
ICrawl Update: leg=3, phase=0.16, x=40.0, y=-110.0, z=-80.0
ICrawl 80.0
ICrawl Update: le
ICrawl Update: leg=3, phase=
ICrawl 
ICr Update: leg=1, phase=0.64, x=-60.0, y=110.0, z=-80.0
ICrawl Update: leg=2, phase=0.14
ICrawl UpdICraw=1, phase=0.63, x=-60.0, y=110.0, z=-80.0
ICrawl Update: leg=2, phase=0.13, x=-48.0, y=-110.0, z=-55.0
ICrawl Update: leg=0, phase=0.62, x=60.0, y=110.0, z=-80.0
ICrawl Update: leg=1, phas62, x=-60.0, y=110.0, z=-80.0
ICrawl Update: leg=2, 
ICrawl UICrawl Update: leg=0, phase=0.61, x=60.0, y=110.0, z=-80.0
 y=110.0, z=-80.0
ICrawl Update: leg=2, phase=
ICrawl Update: leg=3, phase=0.11
ICrawl Update
-80.0
ICrawl Update: leg=2, phase=0.10, x=-60.0, y=-110.0, z=-55.0
ICrawl Update: leg=3, phase=0.10
ICrawl Update: leg=2, phase=0.09, x=-64.0, y=-110.0, z=-55.0
ICrawICrawl Update: leg=0, phase=0.58, x=60.0, y=110.0, z=-80.0
ICrawl Update: lg=2, phase=0.08, x=-68.0, y=-110.0, z=-55.0
ICrawl Update: leg=3,
ICrawl Update: leg=0, phase=0.57, x=60.0, y=110.0, z=-80.0
ICrawl Update: leg=1, phase=0.57, x=-60.0, y=110.0, z=-80.0
ICrawl Update: l.07, x=-72.0, y=-110.0, z=-55.0
ICrawl Update: leg=3, phase=0.07, x=40.0, y=-110.0, z=-80.0
ICrawl Update
ICrawl Update: leg=1, phase=0.56, x=-60.0, y=110.0, z=-80.0
ICrawl Update: leg=2, phase=0.06, x=-76.0, y=-110.0, z=-55.0
ICrawl Update: leg=3,
ICrawl Update
ICrawl Update: leg=2, phasz=-55.0
ICrawl UpdICrawl Update: leg=0, phase=0.54, x=60.0, y=110.0, z=-80.0
ICrawl Update: leg=1,
ICrawl Update: leg=3, phase=0.04, x=40.0, y=-110.0, z=-80.0
ICrawl Update: leg=0, phase=0.53, x=60.0, y=110.0, z=-80.0
ICrawl Update: leg=1, phase=0.53, x=-60.0, y=110.0, z=-80.0
ICrawl Update: leg=2, phase=0.03
ICrawl Update: leg=3, phase=0.03, x=40.0, y=-110.0, z=-80.0
ICrawl Update
ICrawl Update: leg=1, phase=0.52, x=-60.0, y=110.0, z=-80.0
ICrawl Update: leg=2, phase=0.ICrawl Update: leg=3, phas=0.02, x=40.0, y=-110.0, z=-80.0
ICrawl Update: leg=0, phase=0.51, x=60.0, y=110.0, z=-80.0
ICrawl Update: leg=1, phase=0.51, x=-6
ICrawl Update: leg=2, phase=0.01, x=-80.0, y=-110.0, z=-75.0
ICr0, y=-110.0, z=-80.0
ICrawl Update
ICrawl UpdICrawl Update: leg=2,
ICrawl Update: leg=3, phase= z=-80.0
ICrawl Update: leg=0, phase=0.49, x=62.0, y=110.0, z=-80.0
ICrawl Update: leg=1, phase=0.49, x=-58.0, y=110.0, z=-80.0
ICrawl UpdICrawl UpdICrawl Update: leg=0, phase=0.48, x=64.0, y=110.0, z=-80.0
IICrawl Update: leg=2, phase=0.98, x=-76.0, y=-110.0, z=-80.0
ICrawl Update: leg=3, phase=
ICrawl Update: leg=0, phase=0.47, x=66.0, y=110.0, z=-80.0
ICrawl Update: leg=1, phase=0.47, x=-54.0, y=110.0, z=-80.0
ICrawl Update: leg=2, phase=0.97, x=-74.
ICrawl Update: leg=3,
ICrawl e=0.46, x=68.0, y=110.0, z=-80.0
ICrawl Update: leg=1, phase=0.46, x=-52.0, y=110.0, z=-80.0
ICrawl Update: leg=2, phase=0.96, x=-72.0, y=-110.0, z=-80.0
ICrawl Update: leg=3,
ICrawl Update: leg=0, phase=0.45, x=70.0, y=110.0, z=-80.0
ICrawl Update: leg=1, phase=0.45
ICrawl Update: leg=2, phase=0.9ICrawl Update: leg=3, phase=
ICrawl  z=-80.0
ICrawl Update: leg=1,
ICrawl Update: leg=2, phase=0.94, x=-68.0, y=-110.0, z=-80.0
ICrawl Update: leg=3, phase=0.94, x=52.0, y=-110.0, z=-80.0
ICrawl Update: leg=0, 
rawl Update: leg=1, phase=0.43, x=-46.0, y=110.0, z=-80.0
ICrawl Update: leg=2, phase=0.93, x=-66.0, y=-110.0, z=-80.0
ICrawl Update: leg=3, phase=0.93, x=54.0
ICrawl Update
ICrawl Update: leg=1, phase=0.42, x=-44.0, y=110.0, z=-80.0
ICrawl Update: leg=2, phase=0.92, x=-64.0, y=-1ICraICrawl Update: leg=0, phase=0.41, x=78.0, y=110.0, z=-80.0
ICrawl Update: leg=1, phase=0.41, x=-42.0, y=110.0, z=-80.0
ICrawl Update: leg=2, phase=0.91, x=-62.0, y
ICrawl UpdICrawl Update
ICrawl Update: leg=1, phase=0.40, x=-40.0, y=110.0, z=-80.0
ICrawl ICrawl Update: leg=3,
ICrawl Update: leg=1, phase=0.39, x=-40.0, y=110.0, z=-80.0
ICrawl Update: leg=0, phase=0.38, x=80.0, y=110.0, z=-70.0
ICrawl Update: leg=1,
ICrawl Update: leg=2, phase=0.88, x=-60.0, y=-110.0, z=-80.0
ICrICrawl Update
ICrawl Update: leg=1, phase=0.37
ICrawl Update: leg=2, phase=0.87, x=-60.0, y=-110.0, z=-80.0
ICrawl Update: leg=3, phase=
ICrawl Update: leg=0, 
ICrawl Update: leg=1, phase=0.36, x=-4
ICrse=0.86, x=-60.0, y=-110.0, z=-80.0
ICrawl Update: leg=3, phase=0.86, 
ICrawl Update
ICrawl Update: leg=1, phase=0.35, x=-40.0, y=110.0, z=-80.0
ICrawl Update: leg=2, phase=0.85, x=-60.0, y=-110.0, z=-80.0
ICrawl Update: leg=3, phase=0.85, x
ICrawl Update: leg=0, phase=0.34, x=76.0, y=110.0, z=-55.0
ICrawl Update: leg=1, phase=0.34, x=-40.0, y=110.0, z=-80.0
ICrawl Update: leg=2, phase=0.84, x=-60.0, y=-110.0, z=-80.0
ICrawl ICrawl Update
ICrawl Update: leg=1, phase=0.33
ICrawl Update: leg=2, phase=0.83,
ICrICrawl Update: leg=2, phase=0.82, x=-6
ICrawl Update: leg=3, phase=0.82, x=60.0, y=-110.0, z=-80.0
ICrawl Update: leg=0, phase=0.31, x=64.0, y=110.0, z=-55.0
ICrawl Update: leg=1, phase=0.31
ICrawl Update: leg=2, phase=0.81, x=-60.0, y=-110.0, z=-80.0
ICrawl Update: leg=3, hase=0.81, x=60.0, y=-110.0, z=-80.0
ICrawl Update
ICrawl Update: leg=1, phase=0.30
ICrICraw=60.0, y=-110.0, z=-80.0
ICrawl Update
ICrawl Update: leg=1, phase=0.29, x=-40.0, y=110.0, z=-80.0
ICrawl Update: leg=2, phase=0.79
ICrawl Update: leg=3, phase=0.79, x=60.0, y=-110.0, z=-80.0
ICrawl Update
ICrawl Update: leg=1, phase=0.28, x=-4
ICrawl Up
ICrawl Update: leg=0, phase=0.27, x=48.0, y=110.0, z=-55.0
ICrawICrawl Update: leg=2, phase=0.77, x=-60.0, y=-110.0, z=-80.0
ICrawl Update: leg=3, phase=
ICrawl ate: leg=0, phase=0.26, x=44.0, y=110.0, z=-55.0
ICrawl UpdICrawl Update: leg=2, phase=0.76, x=-60.0, y=-110.0, z=-80.0
ICrawl Update: leg=3, phase=0.76, 
ICrawl Update: lphase=0.25, x=40.0, y=110.0, z=-55.0
ICrawl Update: leg=1, phase=0.25, x=-40.
ICrawl Update: leg=2, phase=0.75, x=-60.
x=40.0, y=110.0, z=-60.0
ICrawl UpdICrawl UICrawl Update: leg=3, phase=0.74, x=60.0, y=-110.0, z=-80.0
ICrawl 0.0, z=-65.0
ICrawl Update: leg=1, phase=0.23, x=-4
ICrawl ICrawl Update: leg=3,
ICrawl Update: leg=0, phase=0.22, x=40.0, y=110.0, z=-70.0
ICrawl Update: leg=1, phase=0.22
ICrawl Update: leg=2, phase=0.72, x=-60.0, y=-110.0, z
IICrawl Update
ICrawl Update: leg=1, phase=0.21, x=-40.0, y=110.0, z=-80.0
ICrawl Update: le
ICrawl Update: leg=3, phase=0.71, x=60.0, y=-110.0, z=-80.0
ICrawl Update
ICphase=0.20, x=-40.0, y=110.0, z=-80.0
ICrawl Update: leg=2, phase=0.70, x=-60.0, y=-110.0, z=-80.0
ICrawlICrawl Update: x=-40.0, y=110.0, z=-75.0
ICrawl Update: leg=2, phase=0.69
ICrawl ICrawl Update: leg=0, phase=0.18, x=40.0, y=110.0, z=-80.0
10.0, z=-70.0
ICrawl Update
ICrawl Update: leg=3, phase=
ICrawl Update
ICrawl Update: leg=1, phase=0.17, x=-40.0, y=110.0, z=-65.0
ICrawl Update: leg=2, 
ICrawl UpdICrawldate: leg=2, phase=0.66, x=-60.0, y=-110.0, z=-80.0
ICrawl Update: leg=3, phase=0.66, 
ICrawl Update: leg=0, phase=0.15, x=40.0, y=110.0, z=-80.0
ICrawl Update: leg=1, phase=0.15, x=-4
ICrawl Update: leg=2, phase=0.65, x=-60.0, y=-110.0, z=-80.0
ICrawl Update: leg=3, phase=0.65, x
ICrawl Update: leg=1, phase=0.14, x=-44
ICrawl Update: leg=2, phase=0 x=-60.0, y=-110.0, z=-80.0
ICrawl Update: leg=1,
ICrawl Update: leg=2, phas-110.0, z=-80.0
ICrawl Update
ICrawl ICrawl Update: leg=2, phas0.0
ICrawl UpdICrawl Update
ICrawl Update: leg=1, phase=0.11, x=-56.0, y=110.0, z=-55.0
ICrICrawl Update: leg=3, phase=0.61, x=60.0, y=-110.0, z=-80.0
ICrawl Update
ICrawl Update: leg=1, phase=0.10, x=-6
ICrawl UpdICrawl Update: leg=3, phase=0.60, x=60.0, y=-110.0, z=-80.0
ICrawl Update: leg=0, phase=0.09, x=40.0, y=110.0, z=-80.0
ICrawl Update: leg=1, phase=0.09
ICrawl Update: leg=2, phase=0.59, x=-60.0, y=-110.0, z=-80.0
IC9, x=60.0, y=-110.0, z=-80.0
ICrawl Update
ICrawl Update: leg=1, phase=0.08, x=-68.0, y=110.0, z=-55.0
ICrawl ICrawl Update: leg=3, =-110.0, z=-80.0
ICrawl Update
ICrawl Update: leg=1, phase=0.07, x=-72.0, y=110.0, z=-55.0
ICrawl Update: leg=2, phase=0.57, x=-6
ICrawl Update: leg=80.0
ICrawl Update: leg=0, phase=0.06, x=40.0, y=110.0, z=-80.0
ICrawICrawl Update: leg=2, phase=0.56, x=-60.0, y=-110.0, z=-80.0
ICrawl UpdICrawl Update: leg=0, phase=0.05, x=40.0, y=110.0, z=-80.0
ICrawl Update: leg=1, phase=0.05, x=-80.0, y=110.0, z=-55.0
ICrawl Update: leg=2, phase=0.55, x=-60.0, y=-110.0, z=-80.0
ICrawl=0, phase=0.04, x=40.0, y=110.0, z=-80.0
ICrawl Update: leg=1, phase=0.04, x=-8
ICrawl Update: leg=2, phase=0.54, x=-60.0, y=-110.0, z=-80.0
ICrawl UpdICrawl 03, x=40.0, y=110.0, z=-80.0
ICrawl Update: leg=1, phase=0.03, x=-80.0, y=110.0, z=-65.0
ICrawl Update: leg=2, phase=0.53, x=-60.0, y=-110.0, z=-80.0
ICrawl Update: leg=3, phase=0.53, x=60.0
ICrawl y=110.0, z=-80.0
ICrawl Update: leg=1, phase=0.02, x=-80.0, y=110.0, z=-70.0
ICrawl Upd80.0
ICrawl Update: leg=1, phase=0.01, x=-8
ICrawl Update: leg=2, phase=0.51, x=-6
ICrawl Update: leg=3, phase=0.51, x=60.0, y=-110.0, z=-80.0
ICrawl Update: leg=0, phase=0.00, x=40.0, y=110.0, z=-80.0
ICrawl Update: leg=1, phase=0.00, x=-80.0, y=110.0, z=-80.0
ICrawl Update: leg=2, phase=0.50
ICrawl UpICrawl Back End
Back Walk Start
ICrawl Update: leg=0, phase=0.00, 110.0, z=-80.0
ICrawl Update: leg=1, phase=0.00, x
ICrawl Update: leg=2, phase=0.50, x=-60.0, y=-110.0, z=-80.0
ICrawl Update: leg=
ICrawl Update: l.0
ICrawl Update: leg=1, phase=0.00, x=-80.
ICraICraICrawl Update
ICrawl Update: leg=1, phase=0.99, x=-78.0, y=110.0, z=-80.0
ICrawl Update: leg=2, phase=
ICrawl Update: leg=3, phase=
ICrawl Update: leg=0, phase=0.98, x=44.0, y=110.0, z=-80.0
, phase=0.98, x=-76.0, y=110.0, z=-80.0
ICrawl Update: leg=2, 
ICrawl ICrawl Update
, x=-74.0, y=110.0, z=-80.0
ICrawl Update: leg=2, phase=0.47, x=-54.0, y=-110.0, z=-80.0
ICrawl ICrawl Update
ICrawl Update: leg=1, phase=0.96, x=-72.0, y=110.0, z=-80.0
ICrawl Update: leg=2, 
ICrawl Update
ICrawl Update: leg=0, 
ICrawl Update: leg=1, phase=0.95, x=-70.0, y=110.0, z=-80.0
ICrawl Update: leg=2, phase=
ICrawl Update: leg=3, phase=
ICrawl Update: leg=1, phase=0.94, x=-68.0, y=110.0, z=-80.0
ICrawl Update: leg=2, phase=0.44, x=-48.0, y=-110.0, z=-80.0
ICrawl Update: leg=3, 
ICrawl Update
ICrawl Update: leg=1, phase=0.93, x=-66.0, y=110.0, z=-80.0
ICrawl Update: le2, phase=0.43, x=-46.0, y=-110.0, z=-80.0
ICrawl Update: leg=3, phase=0.43, x=74
ICrawl 
ICrawl UpdICrawl 2, x=-44.0, y=-110.0, z=-80.0
ICrawl Update: leg=3, phase=0.42, x=76.0, y=-110.0, z=-80.0
ICrawl Update
ICrawICrawy=-110.0, z=-80.0
ICrawl UpdICrawl Update
ICrawl Update: leg=1, phase=0.90, x=-60.0, y=110.0, z=-80.0
ICrawl Update: leg=2, phase=0.40, x=-40.0, y=-110.0, z=-80.0
ICrawl Update: leg=3, phase=0.40, x=80.0, y=-110.0, z=-80.0
ICrawl Update: leg=0, phase=0.89, x=60.0, y=110.0, z=-80.0
ICrawl Update: leg=1, phase=0.89, x=-60.0, y=110.0, z=-80.0
ICrawl Update: leg=2, phase=0.39, x=-40.0, y=-110.0, z=-80.0
ICrawl Update: leg=3, phase=0.39, x=80.0, y=-110.0, z=-75.0
ICrawl Update: leg=0, phase=0.88, x=60.0, y=110.0, z=-80.0
ICraICrawl UpdICrawl Update: g=3, phase=0.38, x=80.0, y=-110.0, z=-70.0
ICrawl Update: leg=0, phase=0.87, x=60.0, y=110.0, z=-80.0
ICrawl Update: leg=1, phase=0.87, x=-60.0, y=110.0, z=-80.0
ICrawl Update: leg=2, phase=0.37, x=-
ICraw.37, x=80.0, y=-110.0, z=-65.0
ICrawl Update
ICrawl Update: leg=1, phase=0.86, x=-60.0, y=110.0, z=-80.0
ICrawl Update: leg=2, phase=0.36
ICraw y=-110.0, z=-60.0
ICrawl Update: leg=0, phase=0.85, x=60.0, y=110.0, z=-80.0
ICrawl Update: leg=1, phase=0.85, 
ICrawl UIC=-55.0
ICrawl Update
ICrawl Update: leg=1, phase=0.84, x=-6
ICrawl Update: leg=2, phase=0.34, x=-4
ICrawl Update: leg=
ICrawl Update: leg=0, phase=0.83, x=60.0, y=110.0, z=-80.0
ICrawl Update: leg=1, phase=0.83, x=-60.0, y=110.0, z=-80.0
ICrawl Update: leg=2, phase=0.33, x=-40.0, y=-110.0, z=-80.0
Ieg=0, phase=0.82, x=60.0, y=110.0, z=-80.0
ICrawl Update: leg=1, phase=0.82, x=-60.0, y=110.0, z=-80.0
ICrawl Update: leg=2, phase=0.32, x=-40.0, y=-110.0, z=-80.0
ICrawl Update
I0.81, x=60.0, y=110.0, z=-80.0
ICrawl Update: leg=2, phase=0.31, x=-40.0, y=-110.0, z=-80.0
ICrawl Update: leg=3, phase=0.31, x=64.0, y=-110.0, z=-55.0
ICrawl , y=110.0, z=-80.0
ICrawl Update: leg=1, phase=0.80, x=-60.0, y=110.0, z=-80.0
ICrawl Update: leg=2, phase=0.30, x=-40.0, y=-110.0, z=-80.0
ICrawl UpICrawl Update: leg=0, phase=0.79, x=60.0, y=110.0, z=-80.0
ICraICrawl Update: leg=2, 
ICrawl Update
ICrawl Update
ICrawl Update: leg=1, phase=0.78, x=-60.0, y=110.0, z=-80.0
ICrawl Update: leg=2, phase=0.28, x=-40.0, y=-110.0, z=-80.0
ICrawl Update: leg=1, phase=0.77, x=-60.0, y=110.0, z=-80.0
ICrawl Update: leg=2,
ICrawl Update: leg=3, phase=0.27, x=48.0, y=-110.0, z=-55.0
ICrawl Update: leg=0, phase=0.76, x=60.0, y=110.0, z=-80.0
ICrawl Update: leg=1, phase=0.76, x=-60.0, y=110.0, z=-80.0
ICrawl Update: leg=2, phase=0.26
ICrawl UpICrawl Update: leg=0, phase=0.75, x=60.0, y=110.0, z=-80.0
ICrawl Update: leg=1, phas0, y=110.0, z=-80.0
ICrawICrawl UpdICrawl Update
ICrawl Update: z=-80.0
ICrawl UpdICrawl UICrawl Update: leg=0, phase=0.73, x=60.0, y=110.0, z=-80.0
ICrawl Update: leg=2, phase=0.23, x=-40.0, y=-110.0, z=-80.0
ICrawl UpdICrawl Update
ICrawl Update: leg=1, phase=0.72, x=-60.0, y=110.0, z=-80.0
ICrawl Update: leg=2, phase=0.22, x=-40.0, y=-110.0, z=-80.0
ICrawl Update: leg=3,
ICrawl Update: leg=1, phase=0.71, x=-60.0, y=110.0, z=-80.0
ICraw=0.21, x=-40.0, y=-110.0, z=-80.0
ICrawl Update: leg=3, phase=0.21, x=40.0, y=-110.0, z=-75.0
ICrawl Updat
ICrawl Update: leg=1, phase=0.70, x=-6
.0, y=-110.0, z=-80.0
ICrawl Update: leg=3, phase=0.20
ICrawl Update
ICrawl Update: leg=1, phase=0.69, x=-60.0, y=110.0, z=-80.0
ICrawl Update: leg=2, phase=0.19, x=-40.0, y=-110.0, z=-75.0
ICrawl Update: leg=3, phase=0.19, x=40.0, y=-110.0, z=-80.0
ICrawl Update: leg=0, phase=0.68, x=60.0, y=110.0, z=-80.0
ICrawl Update: leg=1,
ICrawl Update: leg=2, phase=0.18, x=-40.0, y=-110.0, z=-70.0
ICrawl Update: leg=3, phase=0.18, x=40.0, y=-110.0, z=-80.0
ICrawl Update
ICrawl Update: leg=1, phase=0.67, x=-60.0, y=110.0, z=-80.0
ICICrawl Update: leg=3, phase=0.17, x=40.0, y=-110.0, z=-80.0
ICICrawl Update: se=0.16, x=40.0, y=-110.0, z=-80.0
ICrawl Update: leg=0, phase=0.65, x=60.0, y=110.0, z=-80.0
ICrawl Update: leg=1, phase=0.65, x=-60.0, y=110.0, z=-80.0
ICrawl Update: leg=2, phase=0.15
0.0, y=-110.0, z=-80.0
ICrawl Update
ICrawl Update: leg=1, phase=0.64, x=-60.0, y=110.0, z=-80.0
ICrawl Update: leg=2,
ICrawl Update: leg=3, phase=0.14, x=40.0, y=-110.0, z=-80.0
ICrawl Update: leg=0, phase=0.63, x=60.0, y=110.0, z=-80.0
ICrawl Update: leg=1, phase=0.63, 
ICrawl Update: leg=2, phase=0.13, x=-48.0, y=-110.0, z=-55.0
ICrawl Update: leg=0, phase=0.62, x=60.0, y=110.0, z=-80.0
ICrawl Update: leg=1, phase=0.62, x=-60.0, y=110.0, z=-80.0
ICrawl Update: leg=2, 
ICrawl Update: leg=3, phase=0.12
ICrawl e: leg=0, phase=0.61, x=60.0, y=110.0, z=-80.0
ICrawl Update: leg=1, phase=0.61, x=-60.0, y=110.0, z=-80.0
ICrawl Update: leg=2, 
Iase=0.60, x=60.0, y=110.0, z=-80.0
ICrawl Update: leg=1, phase=0.60, x=-60.0, y=110.0, z=-80.0
ICrawl Update: leg=2, 
ICrawl Update: leg=3,
ICrawl Update: l60.0, y=110.0, z=-80.0
ICrawl Update: leg=1, phase=0.59, x=-6
ICrawl Update: leg=2, 
ICrawl Update: leg=3, phase=0.09
0, z=-80.0
ICrawl Update: leg=1, phase=0.58, x=-60.0, y=110.0, z=-80.0
ICrawl Update: leg=2,
ICrawl Update: leg=3, phase=0.08, x=40.0, y=-110.0, z=-80.0
ICrawl Update
ICrawl Update: leg=1, phase=
ICICrawl Update: leg=3, phase=0.07
ICrawl Update
ICrawl Update: leg=1, phase=0.56, x=-60.0, y=110.0, z=-80.0
ICrawl UpdICrawl Update: leg=1, phase=0.55, x=-60.0, y=110.0, z=-80.0
ICrawl Update: leg=2, phase=0.05, x=-80.0, y=-110.0, z=-55.0
ICrawl Update: leg=3, phase=0.05, x=40.0, y=-110.0, z=-80.0
ICrawl Update
ICrawl Update: leg=1, phase=0.54, x=-60.0, y=110.0, z=-80.0
ICrawl Update: leg=2, phase=0.04, x=-80.0, y=-110.0, z=-60.0
ICrawl Update: leg=3,
ICrawl Update: leg=1, phase=0.53, x=-60.0, y=110.0, z=-80.0
ICrawl Update: leg=2, phase=0.03, x=-80.0, y=-110.0, z=-65.0
ICrawl Update: leg=3, phase=0.03

ICrawl Update: leg=2, phase=0.02, x=-80.0, y=-110.0, z=-70.0
ICrawl Update: leg=3, phase=
ICrawl Update: leg=0, phase=0.51, x=60.0, y=110.0, z=-80.0
ICrawl Update: leg=1, phase=0.51, x=-6
te: leg=2, phase=0.01, x=-80.0, y=-110.0, z=-75.0
ICrawl Update: leg=3,
ICrawl Update: leg=0, phase=0.50, x=60.0, y=110.0, z=-80.0
ICrawl Update: leg=1, phase=0.50, x=-60.0, y=110.0, z=-80.0
ICrawl Update: leg=2, phase=0.00, x=-80.0, y=-110.0, z=-80.0
ICrawl UpdICrawl Update: leg=1, phase=0.49, x=-58.0, y=110.0, z=-80.0
ICrawl Update: leg=2, phase=0.99, x=-78.0, y=-110.0, z=-80.0
ICrawl Update: leg=3, phase=
ICrawl Update
ICrawl Update: leg=1, 
10.0, z=-80.0
ICrawl Update: leg=3, phase=
ICrawl Update: leg=0, phase=0.47, x=66.0, y=110.0, z=-80.0
I0
ICrawl Update: leg=3, phase=0.97, x=46.0, y=-110.0, z=-80.0
ICrawl Update: leg=0, phase=0.46, x=68.0, y=110.0, z=-80.0
ICrawl Update: leg=1, phase=0.46, x=-5
ICrawl Update: leg=2, phase=0.96, x=-72.0, y=-110.0, z=-80.0
ICrawl Update: leg=3, phase=0.96, x=48.0, y=-110.0, z=-80.0
ICrawl Update
ICrawl Update: leg=1, phase=0.45, x=-50.0, y=110.0, z=-80.0
ICrawl Update: 
 phase=0.95, x=50.0, y=-110.0, z=-80.0
ICrawl Update: leg=0, phase=0.44, x=72.0, y=110.0, z=-80.0
ICrawl Update: leg=1, phase=0.44, x=-4
ICrawl ICrawl Update: leg=3, phase=0 x=52.0, y=-110.0, z=-80.0
ICrawl Update: leg=1, phase=0.43, x=-46.0, y=110.0, z=-80.0
ICrawl Update: leg=2, phase=0.93, x=-66.0, y=-110.0, z=-80.0
ICraw110.0, z=-80.0
ICrawl Update
ICrawl Update: leg=1, phase=0.42, x=-44.0, y=110.0, z=-80.0
ICrawl Update: leg=2, phase=0.92, x=-64.0, y=-110.0, z=-80.0
ICr.0
ICrawl Update
ICraICrawl Update: leg=2, phase=0.91, x=-6
ICrawl pdate: leg=0, phase=0.40, x=80.0, y=110.0, z=-80.0
ICrICrawl UpdICrawl UpdI, phase=0.39, x=80.0, y=110.0, z=-75.0
ICrawl Update: leg=1, phase=0.39
ICrawl Update: leg=2, phase=0.89, x=-6
ICrawl Update: leg=3, phase=
ICrawl , x=80.0, y=110.0, z=-70.0
ICrawl Update: leg=1, phase=0.38, x=-40.0, y=110.0, z=-80.0
ICrawl Update: leg=2, phase=0.88
ICrawl Update: leg=3, phase=0.88, 
110.0, z=-65.0
ICrICrawl Update: leg=2, phase=0.87, x=-6
ICrawl Update: leg=3, phase=0.87, x=60.0, y=-110.0, z=-80.0
ICrawl .0
ICrawlICrawl Update: leg=2, phase=0.86
ICrawl Update: leg=3, phase=0.86, 
pdate: leg=1, phase=0.35, x=-40.0, y=110.0, z=-80.0
ICrawl Update: leg=2, phase=0.85
ICrawl Update: leg=3, phase=
ICrawl Update
ICrawl Update: leg=1, phase=0.34, x=-40.0, y=110.0, z=-80.0
ICrawl Update: leg=2,
ICrawl Update: leg=3, phase=0.84, x=60.0, y=-110.0, z=-80.0
ICrawl Update: leg=0, phase=0.33, x=72.0, y=110.0, z=-55.0
ICrawl Update: leg=1, phase=0.33, x=-40.0, y=110.0, z=-80.0
ICrawl Update: leg=2, phase=0.83, x=-60.0, y=-110.0, z=-80.0
ICrawl Update: leg=0, phase=0.32, x=68.0, y=110.0, z=-55.0
=110.0, z=-80.0
ICrawlICrawl Update: leg=3, phase=0.82, x=60.0, y=-110.0, z=-80.0
ICrawl Update
ICraw0.0
ICrawl Update: leg=2,
ICrawl Update: leg=3, phase=
ICrawl Update
ICrawl Update: leg=1, phase=0.30, x=-4
Update: leg=2, phase=0.80, x=-60.0, y=-110.0, z=-80.0
ICrawl Update
ICrawl Update: leg=1, phase=0.29
ICrawl Update: leg=2, phase=0.79, x=-60.0, y=-110.0, z=-80.0
ICrawl Update: leg=3,
ICrawl Update
ICrawl Update: leg=1, phase=0.28, x=-40.0, y=110.0, z=-80.0
ICrawl Update: l8, x=-60.0, y=-110.0, z=-80.0
ICrawl Update: leg=3, phase=0.78, 
ICrawl Update: leg=1, phase=0.27, x=-40.0, y=110.0, z=-80.0
ICrawl Update: leg=2, phasy=-110.0, z=-80.0
ICrawl Update: leg=3, phase=0.77, 
ICrawl Update: leg=0, phase=0.26, x=44.0, y=110.0, z=-55.0
ICrawl Update: leg=1, phase=0.26, x=-40.0, y=110.0, z=-80.0
ICrawl Update: leg=2, phase=0.76-80.0
ICrawl Update: leg=3, phase=0.76, x=60.0, y=-110.0, z=-80.0
ICrawl Update: leg=1, phase=0.25, x=-40.0, y=110.0, z=-80.0
ICrawl Update: leg=2, phase=0.75, x=-60.0, y=-110.0, z=-80.0
ICrawl Update: leg=3, phase=0.75, x=60.0, y=-110.0, z=-80.0
ICrawl Update
ICrawl Update: leg=1, phase=0.24, x=-40.0, y=110.0, z=-80.0
ICrawl Update: leg=2, phase=0.74
ICrawl Update: leg=3, phase=0.74, x=60.0, y=-110.0, z=-80.0
ICrawl Update
ICrawl Update: leg=1, phase=0.23, x=-40.0, y=110.0, z=-80.0
ICrawl Update: leg=2,
.73, x=60.0, y=-110.0, z=-80.0
ICrawl Update: leg=0, phase=0.22, x=40.0, y=110.0, z=-70.0
ICrawl Update: leg=1, phase=0.22, x=-4
ICrawl Update: leg=2, phase=0.72, x=-60.0, y=-110.0, z=-80.0
ICrawl Update: leg=3, phase= y=-110.0, z=-80.0
ICrawl Update: leg=1, phase=0.21, x=-40.0, y=110.0, z=-80.0
ICrawl Update: leg=2, phase=0.71, x=-60.0, y=-110.0, z=-80.0
ICrawl Update: =-80.0
ICrawl Update: leg=1, phase=0.20, x=-40.0, y=110.0, z=-80.0
ICrawl Update: leg=2, phase=0.70, x=-60.0, y=-110.0, z=-80.0
ICrawl Update: leg=3, phase=
ICrawl Update: leg=0, phase=0.19, x=40.0, y=110.0, z=-80.0
ICrawl Update: leg=1, phase=0.19, 
ICrawl Update: leg=2, phase=0.69, x=-6
ICrawl eg=0, phase=0.18, x=40.0, y=110.0, z=-80.0
ICrawl Update: leg=1, phase=0.18, x=-4
ICrawl UpdICrawl Update: leg=3,
ICrawl 0.17, x=40.0, y=110.0, z=-80.0
ICrawl Update: leg=1, phase=0.17, x=-4
ICrawl Update: leg=2, phase=0.67
ICrawlICrawl Update: leg=0, phase=0.16, x=40.0, y=110.0, z=-80.0
ICrawl Update: leg=1, phase=0.16, x=-40.0, y=110.0, z=-60.0
ICrawl UpdICrawl Update: leg=3, phase=0.66, 
ICrawl Update: l=-80.0
ICrawl Update: leg=1, phase=0.15, x=-4
IICrawl Update
ICrawl Update: leg=1, phase=0.14, x=-44.0, y=110.0, z=-55.0
ICrawl ICrawl Update: leg=3,
ICrawl Update
ICrawl Update: leg=1, phase=0.13, x=-48.0, y=110.0, z=-55.0
ICraICrawl UpdICrawl Update
ICrawl Update: leg=1, phase=0.12, x=-52.0, y=110.0, z=-55.0
ICrawl Update: leg=2,
ICrawl Update: leg=3, phase=0.62, x=60.0, y=-110.0, z=-80.0
ICrawl Update
ICrawl Update: leg=1, phase=0.11, x=-56.0, y=110.0, z=-55.0
ICrawl Update: leg=2, phase=0.61, x=-60.
ICrawl Update: leg=3, phase=0.61, x=60.
ICrawl Update: leg=0, phase=0.10, x=40.0, y=110.0, z=-80.0
ICrawl Update: leg=1, phase=0.10, x=-60.0, y=110.0, z=-55.0
ICrawl UpdICrawICrawl Update
ICrawl Update: leg=1, phase=0.09, x=-64.0, y=110.0, z=-55.0
ICrawl Update: leg=2, phase=0.59, x=-60.0, y=-110.0, z=-80.0
ICrawl Update
ICrawl Update: leg=1, p
leg=2, phase=0.58, x=-60.0, y=-110.0, z=-80.0
ICrawl UpdICrawl Update
ICrawl Update: leg=1, phase=0.07, x=-72.0, y=110.0, z=-55.0
ICrawl Update: leg=2, phase=0.57, x=-60.0, y=-110.0, z=-80.0
ICrawl Update: leg=3, phase=0.57, 
ICrawl Update
ICrawl Update: leg=1, phase=0.06, x=-76.0, y=110.0, z=-55.0
ICrawl Update: leg=2, phas.0, y=-110.0, z=-80.0
ICrawl Update: leg=1, phase=0.05, x=-80.0, y=110.0, z=-55.0
ICrawl Update: leg=2, phase=0.55, x=-60.0, y=-110.0, z=-80.0
ICrawl Update: leg=3,
ICrawl Update: leg=0, phase=0.04, x=40.0, y=110.0, z=-80.0
ICrawl Update: leg=1, phase=0.04, x=-80.
ICrawl Update: leg=2,
ICrawl Update: leg=3, phase=0.54, x=60.0, y=-110.0, z=-80.0
ICrawl Update
ICrawl Update: leg=1, phase=0.03, x=-80.0, y=110.0, z=-65.0
ICrawl Update: leg=2, phase=0.53, x=-60.0, y=-110.0, z=-80.0
ICrawl Update: leg=3, phase=0.53, x=60.0, y=-110.0, z=-80.0
ICrawl Update: leg=1, phase=0.02, x=-80.0, y=110.0, z=-70.0
ICrawl Update: leg=2,
ICrawl Update: leg=3, se=0.52, x=60.0, y=-110.0, z=-80.0
ICrawl Update
ICrawl UpdICIC0.0, y=-110.0, z=-80.0
ICrawl Update
ICrawl Update: leg=1, phase=0.00, x=-80.0, y=110.0, z=-80.0
ICrICrawl Update: leg=3, phase=0, z=-80.0
ICrawl Back End
